,size,p,avg,slope
0,216.0,0.08860918824793257,19.61111111111111,0.46264210903298614
1,379.0,0.12626891293832015,47.01846965699208,0.49351118145065936
2,203.0,0.19285750444467234,38.532019704433495,0.49293769861598935
3,180.0,0.14313703166335032,25.41111111111111,0.48737030420188665
4,128.0,0.18423129225878201,23.234375,0.476755305038049
5,768.0,0.03522937631208198,27.252604166666668,0.48182664869932135
6,803.0,0.0753297761440523,60.47073474470735,0.4987854791111471
7,294.0,0.19083795447453783,57.265306122448976,0.5103762762731495
8,522.0,0.09849357062692204,50.78927203065134,0.4901948493425256
9,833.0,0.07434573726976583,62.24969987995198,0.4961523376851004
10,270.0,0.08228327281856211,21.703703703703702,0.4749716613681258
11,729.0,0.05429198251730344,39.87928669410151,0.4909350084206359
12,501.0,0.04396347007541802,21.624750499001998,0.46126627365435013
13,541.0,0.05606376104958684,30.140480591497226,0.4721736839906022
14,963.0,0.029166460845274578,27.757009345794394,0.4744876624544928
15,584.0,0.053350664362648535,31.0,0.4748329046548486
16,856.0,0.04021510776191105,34.23598130841121,0.4845961504729107
17,301.0,0.07943958841008464,24.219269102990033,0.47353898790271043
18,578.0,0.07333110925472527,42.391003460207614,0.4827495770858693
19,803.0,0.03876095439983167,31.2453300124533,0.48469187752875376
20,760.0,0.06436206110575411,49.171052631578945,0.494077079771355
21,853.0,0.044066616233265465,37.141852286049236,0.4842984460714198
22,475.0,0.05404839651417549,25.894736842105264,0.4698455988137556
23,227.0,0.18989021709379833,42.40528634361233,0.4909720653298938
24,922.0,0.0680869369917897,63.23644251626898,0.48954542650699634
25,722.0,0.05306910753389575,37.69806094182825,0.480754065487724
26,412.0,0.054059389429418465,22.131067961165048,0.47480845373407937
27,231.0,0.2310723671004301,52.77922077922078,0.49996407935325615
28,441.0,0.036730623801405876,16.068027210884352,0.42351430505324145
29,271.0,0.18583813681004963,49.48339483394834,0.4978678440206642
30,203.0,0.07500435302565606,15.428571428571429,0.4352306290306247
31,660.0,0.0114618735448626,7.678787878787879,0.2513792752099176
32,128.0,0.061469688040006215,7.703125,0.3073539262780298
33,210.0,0.22572492039092884,47.4,0.49486024729748257
34,247.0,0.05214237204817108,13.19838056680162,0.42512970629282226
35,829.0,0.06243155893213832,51.29794933655006,0.48807416468055537
36,385.0,0.08822603380575636,33.823376623376625,0.47552298086389017
37,862.0,0.018668414068512384,16.17633410672854,0.435204669915566
38,626.0,0.0669333345350434,41.7444089456869,0.47549547793721975
39,276.0,0.14358389803238047,40.17391304347826,0.4947713264285441
40,738.0,0.03976382690503137,29.772357723577237,0.4786469867352136
41,505.0,0.055014918345642455,28.003960396039602,0.4817628314908024
42,727.0,0.010599456323243198,7.53232462173315,0.26062433640389565
43,335.0,0.12098081624378303,41.038805970149255,0.49235317987137905
44,227.0,0.11467738872088183,25.797356828193834,0.48097689956924583
45,951.0,0.056797757199385394,53.97055730809674,0.49063197255748525
46,915.0,0.07021586570259675,64.37158469945355,0.4941868393763956
47,600.0,0.04647091595211833,28.0,0.48249438429078034
48,856.0,0.00947266084863478,8.245327102803738,0.2852922479476714
49,312.0,0.16476715511366946,52.23717948717949,0.4941012344066168
50,823.0,0.05699999005574955,46.72660996354799,0.49421845536017034
51,519.0,0.04630561011371202,24.13872832369942,0.4686809813005842
52,753.0,0.052637948479807725,39.37317397078353,0.4888044513149953
53,474.0,0.025553145707744425,11.974683544303797,0.40184771196971864
54,826.0,0.06074139288260871,50.539951573849876,0.4918398868464425
55,575.0,0.033434652880970334,18.862608695652174,0.4520782115755207
56,169.0,0.15580103647066978,26.011834319526628,0.4904158320382187
57,705.0,0.04247135615567566,29.639716312056738,0.47742809714535095
58,747.0,0.07504355518610754,55.30923694779116,0.4922075810029285
59,551.0,0.06182530497268057,34.45009074410164,0.4818994759846083
60,399.0,0.1258395822907987,50.96741854636591,0.49731910056724155
61,208.0,0.1543404457244036,30.971153846153847,0.4842704553310542
62,517.0,0.05942779225431871,30.684719535783366,0.47527953625453023
63,561.0,0.06674469540957388,37.5222816399287,0.48680050029579097
64,170.0,0.196155312076,32.68235294117647,0.4987080369092479
65,520.0,0.10168725899504254,52.53846153846154,0.49540139272468864
66,781.0,0.06076348369374835,47.807938540332906,0.48272179940988835
67,376.0,0.134100018237287,49.72872340425532,0.4906782314903085
68,385.0,0.019202220479653382,7.45974025974026,0.2509145310509224
69,316.0,0.06625856405783484,20.89873417721519,0.4742849046689618
70,294.0,0.13257266145140462,38.31292517006803,0.4938709224575472
71,915.0,0.036806563701575236,33.256830601092894,0.4791875632468421
72,153.0,0.307230220711706,47.111111111111114,0.5104771177957621
73,899.0,0.0157622213855469,13.632925472747496,0.4201948829493386
74,663.0,0.030405999360519378,19.900452488687783,0.4520640024143126
75,253.0,0.10056990025261044,25.130434782608695,0.4795263992870778
76,865.0,0.035110207051861,30.240462427745666,0.47617923050053745
77,165.0,0.273665549331,45.903030303030306,0.5042582543144987
78,697.0,0.05578403612791255,38.80918220946916,0.485932188134235
79,745.0,0.02007014442950615,14.660402684563758,0.421649046630043
80,984.0,0.049834866386153386,49.22154471544715,0.48781535716781743
81,861.0,0.04326689140535453,36.954703832752614,0.4792882798546378
82,251.0,0.1811273252766454,44.78087649402391,0.5043815372127023
83,825.0,0.07674727604360491,63.13939393939394,0.4929217031153897
84,402.0,0.021744685873187813,9.00497512437811,0.30157965575767065
85,946.0,0.06600837242442129,62.43128964059196,0.4974428445420086
86,856.0,0.047847496636568405,40.96261682242991,0.4854782812095643
87,830.0,0.028853273840991504,23.826506024096386,0.46270798677862535
88,277.0,0.13639426528554344,37.36462093862816,0.47231382786421616
89,515.0,0.07160533808510114,36.45825242718447,0.4782501230253639
90,149.0,0.13847133685151025,21.42281879194631,0.4799231401538856
91,416.0,0.03769659320042828,16.052884615384617,0.44551953664223226
92,262.0,0.1755904514645259,46.786259541984734,0.49918551848469067
93,770.0,0.05477416976815187,41.81558441558442,0.4890317698544373
94,890.0,0.043644397496369024,39.157303370786515,0.4799965269574722
95,909.0,0.03173845372449655,29.11991199119912,0.4766045059405899
96,136.0,0.2902523326155492,39.05882352941177,0.5043614553376133
97,917.0,0.010786592180260854,9.77535441657579,0.34844293156746914
98,634.0,0.07018471610457695,44.26813880126183,0.48713916770998766
99,522.0,0.02319595318880767,11.89272030651341,0.3892207333845992
100,302.0,0.16621716708440976,50.609271523178805,0.49259162746441854
101,297.0,0.11942712112610174,35.50841750841751,0.484275980787135
102,569.0,0.013236893132306585,7.434094903339192,0.2398589291272001
103,778.0,0.04475480011124756,34.91002570694087,0.48097687044192783
104,538.0,0.0787721052644132,42.84014869888476,0.4853914936827482
105,621.0,0.09513908855228972,58.71497584541063,0.49375502168187174
106,549.0,0.05494561494291182,30.174863387978142,0.4817053454039377
107,830.0,0.05368410927106988,44.28915662650602,0.48545370789855813
108,800.0,0.03786713044575777,30.5075,0.4794281093119269
109,942.0,0.02913981656541404,27.205944798301488,0.47281123038765804
110,108.0,0.21280492666286147,22.37037037037037,0.48501003283642835
111,915.0,0.03300461846247117,29.91256830601093,0.4771683533265336
112,732.0,0.023954482194555475,17.75409836065574,0.445269142242325
113,965.0,0.05450516484971211,52.52435233160622,0.4912608045674213
114,916.0,0.052514936045138814,47.75545851528384,0.4853825487243329
115,324.0,0.15136738163536057,48.907407407407405,0.495043971802889
116,910.0,0.011272999296384607,10.156043956043955,0.29486248775334456
117,505.0,0.10379773273459783,52.11485148514851,0.48679564897430383
118,606.0,0.0378684278033788,22.31023102310231,0.46582207084866595
119,450.0,0.044374068397251124,20.511111111111113,0.45857522849422827
120,664.0,0.049827093512884585,33.036144578313255,0.4833346079049898
121,392.0,0.12516965607917682,48.61224489795919,0.4936365848848654
122,532.0,0.08688058540198895,46.1390977443609,0.48684553641219797
123,671.0,0.09697476611593943,65.1833084947839,0.49484400562344427
124,858.0,0.07591599100513631,65.28904428904428,0.4939241272792148
125,243.0,0.13726528265187843,32.35390946502058,0.4945266540829366
126,935.0,0.05098655437332682,47.976470588235294,0.4889453456686863
127,347.0,0.11209523287059596,38.357348703170025,0.4952440344322577
128,536.0,0.08886517999373011,47.41417910447761,0.4937752911164033
129,956.0,0.0269806703314818,25.688284518828453,0.46812723606232326
130,291.0,0.14804896599944517,43.23711340206186,0.49134083435362086
131,860.0,0.03040355968881565,26.390697674418604,0.47292546952389225
132,389.0,0.13283814356375045,52.030848329048844,0.49829460401974135
133,775.0,0.07079710013468618,54.990967741935485,0.48551961861212145
134,895.0,0.02019065316575702,18.286033519553072,0.44759560025608974
135,231.0,0.11695340202500196,26.493506493506494,0.4814771484231736
136,265.0,0.1854022616206551,49.18490566037736,0.4991310717277836
137,508.0,0.07794939836398088,38.75984251968504,0.48115951855794065
138,513.0,0.022772332170708738,11.641325536062379,0.3756975075053667
139,999.0,0.020147061814157975,19.965965965965967,0.4545797431476508
140,147.0,0.048401600477714635,6.340136054421769,0.18055988195911607
141,691.0,0.08436935248029269,58.39652677279305,0.49066179631032664
142,961.0,0.017671913596277858,17.05515088449532,0.44385720264120865
143,168.0,0.16842696220382952,27.86904761904762,0.4944393596615889
144,813.0,0.043166100522771395,34.90528905289053,0.48658037233908713
145,278.0,0.11661374857112128,32.41726618705036,0.4878132238351731
146,206.0,0.042679206599300856,8.757281553398059,0.35360804320445866
147,831.0,0.04266660180364622,35.203369434416366,0.48005859423598174
148,460.0,0.11189756742435339,50.95652173913044,0.4962412824362158
149,778.0,0.06155360522141122,47.7120822622108,0.48230548306648063
150,384.0,0.10517716435489427,39.645833333333336,0.49638630884593693
151,156.0,0.1715019179824007,26.307692307692307,0.4796642155467431
152,663.0,0.04636719279576646,30.485671191553543,0.48597780265305957
153,626.0,0.04716233427529083,29.268370607028753,0.4757878364156879
154,180.0,0.15260355374566,27.42222222222222,0.4728620839030596
155,986.0,0.009450975495192842,9.397565922920892,0.22827782071884312
156,255.0,0.106535848493902,26.901960784313726,0.47691568862552075
157,382.0,0.06629862820550798,25.361256544502616,0.47995403503748635
158,710.0,0.06586182952606913,46.99718309859155,0.4895506457222911
159,877.0,0.06986751203308769,61.70809578107183,0.49385919557364855
160,982.0,0.06877396728374287,67.15885947046843,0.48807350592479637
161,939.0,0.029437566332571725,27.79765708200213,0.4685423716536456
162,466.0,0.08282685202031148,38.55793991416309,0.48931865214036396
163,146.0,0.12105751586610297,17.315068493150687,0.4677675771202689
164,791.0,0.07569193230599192,59.142857142857146,0.49438590096308344
165,646.0,0.010580855013720681,6.631578947368421,0.19681850257792843
166,637.0,0.09715593653422037,62.17896389324961,0.48795585189347
167,830.0,0.03076298860658782,25.387951807228916,0.4593129623515157
168,610.0,0.07111082060993262,43.514754098360655,0.49153277592878997
169,539.0,0.1009817451671385,55.0278293135436,0.49496514443461476
170,648.0,0.05883191491028832,37.72530864197531,0.4751485750113285
171,915.0,0.016363945240195354,15.031693989071039,0.4248054990745974
172,194.0,0.2174836002556059,42.329896907216494,0.5103325140555586
173,295.0,0.17589138347852679,51.6,0.4971640901103706
174,853.0,0.07286464398607441,61.957796014067995,0.4945592878453505
175,367.0,0.1453043322582458,53.950953678474114,0.49794445344726646
176,425.0,0.01486006775259452,6.823529411764706,0.23067804111206808
177,878.0,0.0684387407860887,60.44419134396355,0.49293555375350645
178,479.0,0.08135096036460182,38.78496868475992,0.4794145469218577
179,824.0,0.07122258645603,58.77427184466019,0.49035331858713915
180,464.0,0.13021632796153493,60.297413793103445,0.5040539414748824
181,351.0,0.04817863948757878,17.01994301994302,0.4399159498798637
182,219.0,0.10826886106941308,23.98173515981735,0.4797366739231076
183,757.0,0.057150682370237724,43.08586525759577,0.4899682410930694
184,604.0,0.01515685770235001,9.301324503311259,0.319435633089188
185,513.0,0.04622972301942265,23.91812865497076,0.4637049390041207
186,212.0,0.24457143088139924,50.660377358490564,0.5008766423879462
187,214.0,0.14019207126029848,30.672897196261683,0.4822618888235417
188,408.0,0.03333386750670821,13.46078431372549,0.4221198182362008
189,889.0,0.012605504898357538,11.16310461192351,0.35627009306861146
190,813.0,0.05399261847512998,43.51783517835178,0.4879062295057316
191,424.0,0.049647776732215224,21.65566037735849,0.462803379922356
192,221.0,0.12651352459461762,27.429864253393664,0.4866755484231966
193,762.0,0.04674276615566096,35.72178477690289,0.48493587951171674
194,799.0,0.013532994532548102,10.933667083854818,0.37836682369351177
195,918.0,0.05002429488974772,46.028322440087145,0.4878383830499559
196,968.0,0.008057030798077179,7.869834710743802,0.27327586288252853
197,628.0,0.05178269274238204,32.01910828025478,0.4732718085158284
198,829.0,0.03293701983534336,27.56574185765983,0.47622774634387444
199,485.0,0.05942746765201548,28.263917525773195,0.4752175400502125
200,562.0,0.028760758331015622,16.128113879003557,0.4392413931957628
201,953.0,0.06245030757195212,59.09758656873033,0.48818951445075776
202,613.0,0.02842191340574645,17.592169657422513,0.4383317664141734
203,945.0,0.028004937015465525,26.607407407407408,0.48036103389994694
204,403.0,0.04541678433603416,18.267990074441688,0.4549912983488002
205,864.0,0.07713085004159966,66.92129629629629,0.4959849954535283
206,146.0,0.049993215986374434,7.232876712328767,0.28749696300773947
207,820.0,0.06083332731482167,49.82439024390244,0.4923969858314452
208,805.0,0.05497119849308386,43.7416149068323,0.4867858854066963
209,619.0,0.04166007192925883,25.24394184168013,0.46746201016889166
210,845.0,0.042408791052877245,35.66863905325444,0.47926002651303856
211,810.0,0.03455263138992218,27.9679012345679,0.47727299276129276
212,837.0,0.0718262137983963,61.12305854241338,0.49176538891547866
213,643.0,0.07905268290441861,50.98600311041991,0.49474824358872443
214,512.0,0.0908753231653801,46.34375,0.49118946487777393
215,269.0,0.0367066156244423,9.776951672862454,0.32548663906558756
216,593.0,0.07260015393299342,43.21079258010118,0.48992682604660853
217,672.0,0.0723660581307827,48.19047619047619,0.4813393319652988
218,393.0,0.10962053593392598,42.900763358778626,0.48810933078016844
219,998.0,0.03484001093266647,34.37074148296593,0.46941495251738574
220,759.0,0.07991543862206982,60.69038208168643,0.4964078727530448
221,771.0,0.030919484959667086,23.90142671854734,0.46631576582687045
222,133.0,0.16142955423205865,20.721804511278197,0.4697608909386526
223,208.0,0.039291909718932705,8.211538461538462,0.2984804441536232
224,912.0,0.02893156000571983,26.394736842105264,0.4718405429928909
225,516.0,0.06606688626901093,33.76744186046512,0.48517239842096505
226,334.0,0.1403586641676549,46.16766467065868,0.49425737404042563
227,441.0,0.0386711925807991,17.038548752834465,0.4409732151579819
228,316.0,0.13461381071557216,42.88607594936709,0.49039731205402565
229,340.0,0.09702864001835401,33.476470588235294,0.48392931255470895
230,449.0,0.1202283113283213,53.84409799554566,0.4922753086807333
231,319.0,0.11468822265091763,36.55172413793103,0.49307139929331256
232,124.0,0.09128319269871238,11.161290322580646,0.40685749796968373
233,500.0,0.059213409619017374,29.82,0.47024300938066654
234,600.0,0.07734259907322633,46.47666666666667,0.4912837808885867
235,878.0,0.050010749580270526,44.08428246013668,0.48977486154388394
236,111.0,0.2394835985065816,26.63063063063063,0.48838589856092707
237,562.0,0.06287686577338238,35.44128113879004,0.4821289364311241
238,762.0,0.07507468106122428,57.30708661417323,0.49774935804451453
239,232.0,0.1249050454973667,27.92241379310345,0.483353830071058
240,311.0,0.13392822664182116,41.59485530546624,0.49799228423021014
241,713.0,0.08135037086776363,57.750350631136044,0.49116192998544106
242,191.0,0.08948276860064978,17.172774869109947,0.4570783932020368
243,813.0,0.07812977492144249,63.05289052890529,0.49195650186541995
244,673.0,0.02877718149114282,19.417533432392272,0.4450839500896514
245,354.0,0.032552847697428264,11.084745762711865,0.39289644159359377
246,624.0,0.010338512990034094,6.2243589743589745,0.22236035511986682
247,419.0,0.13323288338791692,55.236276849642,0.5031295530259074
248,853.0,0.036432188785353925,31.07385697538101,0.48227966528616556
249,408.0,0.021015795026594796,8.352941176470589,0.26958890899225835
250,540.0,0.07847344403350677,42.67407407407408,0.4958695054412118
251,910.0,0.0286835788285697,26.125274725274725,0.4710488162065952
252,956.0,0.05356883897068415,51.34309623430963,0.48927465397825953
253,816.0,0.025318694473112656,20.401960784313726,0.4614792418770586
254,572.0,0.07959634445105672,45.80769230769231,0.49598800576589464
255,717.0,0.041720941091163886,29.75174337517434,0.4731163287999186
256,162.0,0.16192996484962077,26.037037037037038,0.4800967932088159
257,636.0,0.020249451576205123,12.877358490566039,0.40589315676006565
258,443.0,0.0654945812949626,28.568848758465013,0.4733546689359344
259,255.0,0.09634715324777655,24.384313725490195,0.4769867595837364
260,141.0,0.19908876038684659,28.354609929078013,0.48543792254714707
261,985.0,0.040193817817293045,39.57969543147208,0.48736861961874345
262,585.0,0.06592483083356812,38.25299145299145,0.4825274970537656
263,558.0,0.014967261093963428,8.46236559139785,0.2972538362019939
264,611.0,0.09655710886967792,58.43862520458265,0.48714085490526965
265,619.0,0.038249870495071364,23.861066235864296,0.46612316674741133
266,747.0,0.0567041215650939,42.701472556894245,0.4954234096316781
267,609.0,0.024718310907931848,14.847290640394089,0.4083225552026463
268,137.0,0.2481302179417445,33.2992700729927,0.4913701448648812
269,369.0,0.15352158508897967,56.62330623306233,0.5010620146907523
270,699.0,0.0808056455716695,56.52932761087268,0.4909606913068683
271,853.0,0.03428926161416643,29.516998827667056,0.478898678910479
272,674.0,0.04541049553844714,30.323442136498517,0.480586017675256
273,985.0,0.060218475041451565,59.17157360406091,0.49018811718293004
274,814.0,0.028779534879216827,23.653562653562652,0.4639568020286549
275,485.0,0.05455937649412242,26.544329896907218,0.48021089320247085
276,433.0,0.0838500481905843,36.826789838337184,0.4862428337957847
277,356.0,0.025063709259109508,8.926966292134832,0.3208966985279849
278,372.0,0.08566499949169007,31.118279569892472,0.4884568040512686
279,423.0,0.05124850515739217,21.4468085106383,0.4632819752091817
280,199.0,0.048284384123482085,9.28643216080402,0.34922312480862344
281,436.0,0.04010192336318143,17.81192660550459,0.4564415667605447
282,646.0,0.04364386725601448,27.647058823529413,0.4740962961023296
283,566.0,0.018551734075838103,10.459363957597173,0.21607435943704187
284,181.0,0.08036904932160979,15.138121546961326,0.4416773828953523
285,132.0,0.05939659550986002,8.045454545454545,0.28196628137815605
286,643.0,0.04645748163659353,30.192846034214618,0.48130278829399853
287,175.0,0.05072195474707311,8.868571428571428,0.3303194722355173
288,881.0,0.0520037262093275,45.98183881952327,0.48461637881462527
289,148.0,0.04544443210949152,6.851351351351352,0.14820034527827503
290,838.0,0.04550786925886428,38.20763723150358,0.48200404544426173
291,287.0,0.12489060480183732,35.42857142857143,0.47844730942796876
292,250.0,0.19710542917070734,50.888,0.4959493484776181
293,767.0,0.04044769570092214,30.964797913950456,0.47214108219396433
294,926.0,0.06580104175769956,60.61771058315335,0.49102500772962027
295,844.0,0.05694109820025171,48.191943127962084,0.48652330033685054
296,731.0,0.06920965307824363,50.292749658002734,0.4911610370481167
297,830.0,0.04976017370168366,41.13493975903614,0.490422088080808
298,810.0,0.021358243941523632,17.43456790123457,0.447837778124944
299,797.0,0.0509124509601728,40.51191969887076,0.4860029707737157
300,497.0,0.03538586328874261,17.798792756539235,0.45246527021985256
301,897.0,0.047837491136500015,42.593088071348944,0.4811706192290715
302,523.0,0.05472626255751786,28.75717017208413,0.4772590357653169
303,460.0,0.01601940375944836,7.221739130434782,0.1612688361633911
304,829.0,0.03685821945064695,30.63208685162847,0.479168156117168
305,535.0,0.10538238379633388,55.566355140186914,0.4952215849105567
306,377.0,0.088837577374747,33.3315649867374,0.4861647772356662
307,227.0,0.06253872814232167,14.273127753303966,0.4413181734429088
308,910.0,0.02120377085642523,19.476923076923075,0.4554114070727394
309,135.0,0.3126977780975192,41.98518518518519,0.511408836279071
310,108.0,0.23864350427089923,25.37037037037037,0.49505704921969507
311,828.0,0.06087832941764411,50.70531400966183,0.48669207360515915
312,218.0,0.22172309513086008,47.53211009174312,0.49648790350759536
313,826.0,0.013858802247678697,11.154963680387409,0.3208606781392468
314,724.0,0.06499391676127045,46.806629834254146,0.4966585681982032
315,584.0,0.08731124246469413,50.43493150684932,0.49255107256208025
316,604.0,0.04159221916337423,25.221854304635762,0.4717893516773738
317,831.0,0.010028003206323185,8.536702767749698,0.28503703392086605
318,172.0,0.08715748896386216,15.348837209302326,0.45019521258590445
319,542.0,0.10872108144821498,59.125461254612546,0.49976277849169887
320,661.0,0.05078120430904785,33.364599092284415,0.48002746242388306
321,805.0,0.026476581804799337,21.040993788819875,0.46246466375537815
322,100.0,0.3189150739261226,31.82,0.5090942727278452
323,481.0,0.114095078869954,54.898128898128896,0.4961647340759332
324,216.0,0.21834257143810823,46.96296296296296,0.5004834330190199
325,920.0,0.014016520288958181,12.652173913043478,0.4110642245888017
326,854.0,0.06436255239490529,54.76346604215457,0.49012199238660836
327,933.0,0.047337233432295935,43.78778135048231,0.49040037121046504
328,307.0,0.07671430209950239,23.10097719869707,0.4660279057904333
329,710.0,0.05685425415504948,40.566197183098595,0.4931742375078937
330,640.0,0.05355437943967328,33.584375,0.48244070565176955
331,124.0,0.38034327459915246,48.016129032258064,0.5132366056981293
332,935.0,0.02885741082582647,27.06524064171123,0.4748619706116096
333,204.0,0.11710315576884821,22.5,0.48849656226614374
334,879.0,0.0479259793509295,42.24118316268487,0.487655087079073
335,347.0,0.044354638833839555,15.146974063400576,0.44047961252133333
336,322.0,0.11784349575450809,38.18633540372671,0.49353466750734365
337,254.0,0.045266651687411556,11.11023622047244,0.39123268132893957
338,777.0,0.04523417431914281,35.353925353925355,0.48172281223373564
339,788.0,0.07500020718595042,58.555837563451774,0.49347585760713386
340,913.0,0.043813708379437696,39.66484118291347,0.4829093820403273
341,260.0,0.1808098111542635,47.05384615384615,0.4893831585168722
342,565.0,0.05717931080670467,32.31150442477876,0.48467402211618815
343,237.0,0.1052774715434646,25.10548523206751,0.4675445514018814
344,669.0,0.032107130649586944,21.506726457399104,0.4646282075775007
345,274.0,0.178195506695211,48.605839416058394,0.49480520428967295
346,206.0,0.23585302952539444,47.63106796116505,0.4976125762521882
347,515.0,0.11054898800950166,57.363106796116504,0.49152543347099786
348,549.0,0.10996915484530537,60.899817850637525,0.4939434585760921
349,624.0,0.012410175450822165,7.983974358974359,0.22866545345200723
350,325.0,0.09326882412920984,30.276923076923076,0.47812161073497494
351,133.0,0.2292231478409599,29.413533834586467,0.4887211419326009
352,211.0,0.04817428087591987,10.417061611374407,0.39152583240192046
353,180.0,0.03514041606404064,6.2,0.23625244642443993
354,625.0,0.04200394819681423,26.5472,0.4818679741289845
355,848.0,0.025532256173514536,21.45047169811321,0.4595418971527905
356,420.0,0.11192100689543023,47.5,0.4956124120711686
357,101.0,0.07136679855126798,7.306930693069307,0.31273895266538915
358,739.0,0.0831481893187934,61.45602165087957,0.4936211943091675
359,812.0,0.04578329931743337,36.62068965517241,0.4809345043876184
360,881.0,0.05117809718059716,44.44267877412032,0.48790219785946737
361,956.0,0.027506254709070005,26.182008368200837,0.46485805310074124
362,791.0,0.02891184323617649,22.960809102402024,0.4626071034487505
363,564.0,0.011775794554221737,6.351063829787234,0.19483078231086712
364,187.0,0.11305122780948497,20.37433155080214,0.4864502697022205
365,313.0,0.1328343174004609,41.763578274760384,0.4841555269678627
366,294.0,0.10479426950046387,30.707482993197278,0.4883857005259866
367,967.0,0.022051304505059294,21.19751809720786,0.4568761281032142
368,987.0,0.04021890164060886,39.59473150962513,0.48722414317530677
369,668.0,0.03903340658849686,26.131736526946106,0.47041876951475203
370,230.0,0.10329615786676469,23.16521739130435,0.4787277667746088
371,689.0,0.04957197174304351,33.587808417997095,0.4781006221937975
372,716.0,0.04639146836914054,33.23184357541899,0.4853458638803077
373,704.0,0.04923415663209721,34.44318181818182,0.4837839397314972
374,280.0,0.0919921741639615,25.928571428571427,0.47836597501255673
375,659.0,0.022748797130826687,15.007587253414265,0.43273731694416984
376,150.0,0.2789685189992762,42.13333333333333,0.512059020853133
377,180.0,0.13775197658808136,23.1,0.4822324045837836
378,771.0,0.04741336842236575,36.440985732814525,0.47798941703007863
379,943.0,0.032398011005091876,30.21845174973489,0.4778103243185813
380,778.0,0.04270513076217692,32.987146529562985,0.47957819278685987
381,665.0,0.06122711496018789,40.06315789473684,0.4907442792234365
382,134.0,0.27285215056816947,35.3134328358209,0.49229032998050115
383,930.0,0.04873257754034434,45.29677419354839,0.4820247787952342
384,413.0,0.12092857818012853,49.94188861985472,0.49121525427026025
385,263.0,0.09451072238118563,24.58555133079848,0.4705991560442124
386,120.0,0.27312375281662826,33.25,0.49419722188996573
387,181.0,0.1534231753898215,27.712707182320443,0.49998491458836625
388,694.0,0.08824311989295816,60.29682997118156,0.5009893458054603
389,539.0,0.07677321795983669,41.109461966604826,0.4900917167452249
390,737.0,0.02338425023363643,16.895522388059703,0.4412290537452942
391,399.0,0.027680899272772314,10.807017543859649,0.37850582231049285
392,335.0,0.11416195464013638,37.57611940298507,0.49814299259716543
393,889.0,0.04450811163722623,39.43982002249719,0.48872220175663045
394,145.0,0.049935120018852336,6.7172413793103445,0.24195835697947454
395,927.0,0.02500711091218071,22.867313915857604,0.46495641469162735
396,888.0,0.01827091652984781,16.265765765765767,0.4357646103034044
397,487.0,0.10534764939305834,50.965092402464066,0.4821086546740445
398,981.0,0.059944918740634415,59.198776758409785,0.4916636353110008
399,328.0,0.15347331658482694,50.23780487804878,0.4884648913365943
400,246.0,0.1343137784603663,32.90243902439025,0.4874367716610889
401,992.0,0.018813027829184613,18.20967741935484,0.449970150421632
402,838.0,0.05309384947082278,44.653937947494036,0.48606364587572015
403,977.0,0.022849364166419823,22.057318321392017,0.4678134973227916
404,894.0,0.03791657208124244,33.51677852348993,0.47562488683078624
405,115.0,0.2978620560865911,34.45217391304348,0.4921755897599889
406,596.0,0.068273075844365,40.57046979865772,0.48437134316682917
407,610.0,0.08789168524304682,53.90491803278689,0.49222049741650203
408,148.0,0.3255630502733543,47.21621621621622,0.5012988163792438
409,126.0,0.3712545657796983,46.55555555555556,0.4991643994583173
410,495.0,0.04581796631750086,23.014141414141413,0.466629876165883
411,269.0,0.13445858554347329,35.888475836431226,0.4900032752825889
412,230.0,0.08475847653894054,19.17391304347826,0.46027733906442564
413,463.0,0.1254404359317111,57.30885529157668,0.48648246324558675
414,904.0,0.030412787517231407,27.008849557522122,0.46676398042498624
415,395.0,0.021345482369929072,8.344303797468354,0.2968119027895544
416,715.0,0.03317746387917602,23.56923076923077,0.4648177018022463
417,106.0,0.24633684048989324,25.169811320754718,0.48951978913253535
418,785.0,0.0407702708723299,31.80636942675159,0.47846603956576644
419,797.0,0.010392153727649322,8.421580928481808,0.2547757670752867
420,396.0,0.1335164494236408,52.95959595959596,0.4936652435529563
421,644.0,0.08639830441118006,55.74844720496895,0.49723262673465773
422,539.0,0.060643607619596224,32.92764378478664,0.49016669696829257
423,842.0,0.030229330166222024,25.311163895486935,0.4783935450401578
424,730.0,0.03071058284555398,22.273972602739725,0.46139380066364827
425,787.0,0.07644990760311401,59.89072426937738,0.48941367155160176
426,161.0,0.25049566754001945,39.91304347826087,0.4989187150314084
427,339.0,0.1195252540047683,40.902654867256636,0.4924418916851705
428,103.0,0.432965471704503,44.71844660194175,0.5087744789852096
429,643.0,0.08990817039832713,57.44634525660964,0.4940990557413262
430,677.0,0.09305781993162585,62.24519940915805,0.495181144681381
431,798.0,0.009112749833023246,7.315789473684211,0.26494395857753295
432,210.0,0.2342637331437546,49.02857142857143,0.49228033895684237
433,712.0,0.009927834058568893,6.969101123595506,0.22290318606920828
434,957.0,0.03282243368907089,31.46708463949843,0.4796196414492021
435,415.0,0.12028830991579496,49.95180722891566,0.48626026076078127
436,308.0,0.15460438101518942,47.175324675324674,0.49291855944386453
437,332.0,0.032090430218281674,10.421686746987952,0.37405179118922705
438,652.0,0.025529333048846962,16.763803680981596,0.44160729867709225
439,321.0,0.06204244580578544,20.143302180685357,0.46776482347592535
440,987.0,0.06597627393667332,64.56332320162107,0.49398526344333327
441,604.0,0.0156651752130559,9.341059602649006,0.3181678959970405
442,196.0,0.2441244583475391,46.93877551020408,0.5082115549615308
443,768.0,0.03843983857320873,29.591145833333332,0.474016424202832
444,977.0,0.011102741412103725,10.689866939611054,0.3559589142033946
445,837.0,0.045679800577627466,38.520908004778974,0.4857532032206663
446,693.0,0.06959889945378474,48.63203463203463,0.4809443063896953
447,364.0,0.1536691400008233,55.16483516483517,0.5004516283458905
448,983.0,0.028628222968572568,28.138351983723297,0.474416029311703
449,974.0,0.02936407293334316,29.06160164271047,0.47758977821988813
450,859.0,0.03803953376158224,33.064027939464495,0.4754319017240604
451,490.0,0.043666424409959236,21.63673469387755,0.4278921788566935
452,566.0,0.09721065092393565,54.58303886925795,0.4993159801127483
453,729.0,0.04487281957846975,32.647462277091904,0.48350002243374834
454,751.0,0.08394781569675949,63.134487350199734,0.49204294334529475
455,971.0,0.06864627532485053,67.2193614830072,0.4906721168456672
456,425.0,0.11728432553222684,49.792941176470585,0.49367168693828134
457,385.0,0.12804426599077928,49.994805194805195,0.49273158091727776
458,774.0,0.0762652067393722,59.09043927648579,0.49187722427106106
459,618.0,0.05852058178928239,36.38187702265372,0.48521143724760263
460,867.0,0.04467350255843361,39.20184544405998,0.48830455050651816
461,570.0,0.029996611106750285,17.61754385964912,0.44644946068603286
462,249.0,0.09692000184138118,24.20883534136546,0.4793576460219052
463,673.0,0.021216843379434636,14.326894502228827,0.41866027213861523
464,325.0,0.09118485488643624,29.26153846153846,0.4878471659195832
465,668.0,0.08484350425890247,56.01497005988024,0.4889232907695373
466,222.0,0.19253243347903454,42.45945945945946,0.4970032426088927
467,986.0,0.05290352449581253,52.29614604462475,0.48703704855562685
468,366.0,0.02337416388067323,8.519125683060109,0.25995495426306797
469,177.0,0.10126756158287603,18.56497175141243,0.46755661120318914
470,230.0,0.11350937570761511,24.713043478260868,0.46638620178812296
471,889.0,0.05713345943953004,50.65916760404949,0.4952738722723854
472,906.0,0.02765669744145371,25.013245033112582,0.46919771423706536
473,238.0,0.06334836258754388,14.840336134453782,0.44674215169465903
474,583.0,0.060062827840116476,35.36878216123499,0.4845009710444755
475,511.0,0.048319509973587804,24.99412915851272,0.46783116464427793
476,719.0,0.022663787643964817,16.108484005563284,0.4507283808650743
477,566.0,0.060806252423632155,33.957597173144876,0.48310751371541893
478,509.0,0.018678708652107467,9.575638506876228,0.3411326600021261
479,764.0,0.055088581239855314,41.845549738219894,0.4885857343051764
480,383.0,0.023363444700211386,8.7467362924282,0.3102641155717213
481,122.0,0.3229040262718765,39.39344262295082,0.4967153957663717
482,536.0,0.07351479750197328,39.64179104477612,0.4934962400169353
483,728.0,0.030915392375412278,22.61263736263736,0.45272159650149313
484,343.0,0.07925047919696149,27.12536443148688,0.48496932746810517
485,246.0,0.16727608050811418,40.52845528455285,0.49244792840166723
486,619.0,0.10136487029036195,62.63327948303716,0.49437770871152065
487,322.0,0.10012446033273602,32.161490683229815,0.48679666386291354
488,787.0,0.05399069561130168,42.52858958068615,0.4892379621176999
489,604.0,0.08083211290118852,49.3046357615894,0.4815495008434305
490,912.0,0.029264130818057014,26.653508771929825,0.4674732085186135
491,638.0,0.0923949852395682,58.90282131661442,0.49609528146852594
492,588.0,0.058143834521149705,33.55102040816327,0.4822812444511687
493,801.0,0.05468377822244525,43.29338327091136,0.48271944730636707
494,698.0,0.03343937357190009,23.143266475644698,0.4624310744173815
495,325.0,0.05012246802861771,16.646153846153847,0.4500226286152086
496,727.0,0.03980543666679069,28.850068775790923,0.47829052320709564
497,773.0,0.0352226560360364,26.939197930142303,0.4746241667218142
498,761.0,0.029404806898809463,22.11563731931669,0.4524761134846539
499,766.0,0.08129595282682904,62.130548302872064,0.4950151362868861
