,size,r,avg,slope
0,681.0,0.08130514040247998,13.224669603524228,0.0061657197516207605
1,433.0,0.1684696043315157,33.57505773672055,0.03223475775217402
2,721.0,0.09761990522632033,20.22746185852982,0.010003208803851348
3,155.0,0.24502184951668868,24.696774193548386,0.06804398788267044
4,810.0,0.05765316403425262,8.219753086419754,0.0031764122562207625
5,805.0,0.07197928661602333,12.161490683229813,0.005640978216529315
6,611.0,0.13360740506468083,30.710310965630114,0.02154099897314265
7,822.0,0.08628276486412273,17.805352798053526,0.008359308893647041
8,877.0,0.09911449021719088,25.106043329532497,0.01060417440072781
9,449.0,0.14443877043948306,26.547884187082406,0.02461509388803408
10,495.0,0.08033866649433136,9.002020202020201,0.0046265219894453735
11,196.0,0.15661635021279025,12.693877551020408,0.01730261655855404
12,943.0,0.05063877928038153,7.230116648992577,0.002092471931159622
13,563.0,0.08264558854557907,11.50266429840142,0.005596321823715848
14,794.0,0.11347509902674328,28.347607052896727,0.0145185058400509
15,406.0,0.20393423270771088,43.77832512315271,0.05221707935525113
16,569.0,0.15907743079423076,39.476274165202106,0.028536916212194757
17,144.0,0.26549903638136674,25.875,0.0694283594995299
18,376.0,0.13544046183791236,19.45212765957447,0.017738148137959882
19,783.0,0.13542044360486014,39.02171136653895,0.020339280268031938
20,881.0,0.13441644578851603,44.8149829738933,0.020632023914807434
21,800.0,0.12112050768250725,33.4075,0.015281615187629155
22,229.0,0.1690842648476445,17.61572052401747,0.033159854165969574
23,782.0,0.09041206701038365,17.867007672634273,0.00820891861047104
24,546.0,0.17828760770813973,47.21978021978022,0.03936277044286239
25,619.0,0.07588958806997775,10.378029079159935,0.005814854268462394
26,819.0,0.06658358666988477,10.642246642246642,0.0042887053641246144
27,307.0,0.1518818472710737,18.710097719869708,0.022080995817412942
28,484.0,0.14881507299481173,29.25206611570248,0.024503086855295543
29,952.0,0.059325262848762585,9.926470588235293,0.0036712999453926134
30,845.0,0.05560475473405443,7.772781065088758,0.002216466647072577
31,525.0,0.11660569617240607,20.67047619047619,0.014350230557998386
32,285.0,0.08086684398761744,5.12280701754386,0.0031000992381642082
33,827.0,0.13868176619028522,43.35187424425635,0.021643006959646598
34,617.0,0.15799871372410543,42.61264181523501,0.028918705660651144
35,479.0,0.1542290445850325,31.173277661795407,0.026150087346124486
36,441.0,0.0725437674293526,6.662131519274377,0.0028547516936512215
37,475.0,0.1314475885036432,22.985263157894735,0.017517740403514292
38,624.0,0.15146464626770284,38.89102564102564,0.028372437380468313
39,178.0,0.23536242837269888,25.764044943820224,0.04241785364158026
40,233.0,0.18728393281946865,21.158798283261802,0.04023560526698117
41,197.0,0.10803189927284146,6.1725888324873095,0.007582888902096736
42,992.0,0.05974952779010083,10.268145161290322,0.0037058149177092584
43,718.0,0.07667828661751822,12.317548746518106,0.005706254722423462
44,565.0,0.1116743859048897,21.100884955752214,0.013593316446302555
45,806.0,0.12126289891090496,33.90074441687345,0.016998273078695187
46,943.0,0.13548707753989286,48.82502651113467,0.022785680753789832
47,998.0,0.08370483662053174,20.711422845691384,0.007429185805688044
48,426.0,0.12457285208816593,18.75586854460094,0.014729583187147222
49,948.0,0.13069364767403358,44.82911392405063,0.02030522795039245
50,209.0,0.10979930970887589,7.55023923444976,0.00405545460116216
51,746.0,0.08823730135962074,17.680965147453083,0.00862198245193108
52,538.0,0.07222273771783924,8.197026022304833,0.004583746312613646
53,994.0,0.12089060887566477,41.17706237424547,0.01733426738866962
54,462.0,0.1854553810120721,42.484848484848484,0.03700048386931517
55,551.0,0.17404892117322404,44.0,0.03648252143690813
56,802.0,0.09775511110097378,22.08229426433915,0.010189049182671255
57,843.0,0.14375903693556574,49.05812574139976,0.0238650165973121
58,647.0,0.10362301307084917,19.768160741885627,0.012146105034599673
59,211.0,0.1818556554222408,19.829383886255926,0.037645105079702076
60,594.0,0.15013397674338042,36.71043771043771,0.025165355788276667
61,406.0,0.1731026047655828,33.23152709359606,0.029495814803307097
62,456.0,0.1821682544604873,40.95614035087719,0.04158450573193294
63,639.0,0.15392570958785864,40.895148669796555,0.02889891791617783
64,218.0,0.10739351624004134,6.825688073394495,0.007583184232653072
65,746.0,0.08432646328073315,15.552278820375335,0.007831567697457884
66,879.0,0.08083057359614847,16.99203640500569,0.00657551163576794
67,387.0,0.18003705255859948,32.29457364341085,0.034411608873613594
68,621.0,0.09357188980854542,15.719806763285025,0.009064566040425446
69,360.0,0.12995884495222182,17.42222222222222,0.016548727082595426
70,115.0,0.2808985666380204,21.11304347826087,0.07525103241513101
71,783.0,0.1272070252406356,36.370370370370374,0.01903421858702275
72,191.0,0.1607901523782857,12.806282722513089,0.02164059330443312
73,485.0,0.10897270436617643,16.263917525773195,0.013377846103270363
74,385.0,0.15155228699171616,24.015584415584417,0.023848189497897732
75,618.0,0.07395761148159273,10.032362459546926,0.005632465724666654
76,761.0,0.05349865332460209,6.699080157687254,0.002283748281245515
77,138.0,0.22988440142214017,18.92753623188406,0.048754093982078146
78,851.0,0.09283009556360983,20.92126909518214,0.009128655090085858
79,318.0,0.10851112174120525,10.220125786163521,0.006262043925461286
80,401.0,0.09625322099976258,10.812967581047381,0.008647349478472621
81,404.0,0.1519078775544373,25.455445544554454,0.02480697317835188
82,112.0,0.15740828961510409,7.821428571428571,0.011844418751312941
83,472.0,0.1093433783806338,16.309322033898304,0.010914760321065227
84,503.0,0.1756538303040729,40.34592445328032,0.03348184920118639
85,354.0,0.1070966062896874,11.282485875706215,0.010992471317375838
86,643.0,0.06359524439480577,7.726283048211508,0.0030851653559906345
87,652.0,0.09323326442875593,16.334355828220858,0.009090273595158505
88,160.0,0.2976430126368305,32.825,0.03211223951544463
89,714.0,0.07982509671610082,13.72549019607843,0.006449505816037855
90,197.0,0.24555300484248482,29.16751269035533,0.060592782678029644
91,535.0,0.15470449547319967,35.76448598130841,0.027054365094284903
92,908.0,0.04997910798526322,6.6960352422907485,0.0024045519967779926
93,115.0,0.1732235474567639,8.97391304347826,0.023471342910828235
94,827.0,0.12932711296913454,39.32527206771463,0.017462913411181866
95,803.0,0.06485453576474293,10.18430884184309,0.0037199100871898186
96,193.0,0.27708562164080497,35.181347150259064,0.06765836562559938
97,415.0,0.1440179136840528,24.395180722891567,0.023965549420759274
98,343.0,0.1498459537897826,20.75801749271137,0.02488273581200876
99,698.0,0.11471627073460303,25.92836676217765,0.01265071058132814
100,412.0,0.17462908255107873,34.101941747572816,0.03484978443097298
101,695.0,0.09084484840471682,16.164028776978416,0.009951280976184605
102,832.0,0.09239127626835333,20.5625,0.009227351075225395
103,570.0,0.06054203193276736,6.094736842105263,0.0015881665664959758
104,834.0,0.06266735767840656,9.623501199040767,0.0035218231563352935
105,297.0,0.19293441265004818,29.414141414141415,0.037837093084406956
106,564.0,0.08713158390948292,12.22340425531915,0.006675090762820815
107,135.0,0.2872989231215956,26.16296296296296,0.0560647723010186
108,124.0,0.17093888290355003,9.35483870967742,0.023483398878717608
109,760.0,0.06001014040918101,7.902631578947369,0.0026089438978001986
110,446.0,0.18300308223872436,41.130044843049326,0.041181968825160564
111,267.0,0.18672523511322264,24.853932584269664,0.03460950075457574
112,641.0,0.10444006484345522,19.937597503900157,0.011364229286838511
113,593.0,0.06588579210375799,7.487352445193929,0.0031939113684273683
114,266.0,0.1539588340461321,17.69172932330827,0.021722415869721318
115,153.0,0.1895694837060838,13.320261437908497,0.02979631424980895
116,211.0,0.14501532835203948,12.360189573459715,0.012377167061242093
117,945.0,0.10331600010696787,28.706878306878306,0.012317249083793716
118,940.0,0.0732918116427122,14.257446808510638,0.005270433178722203
119,950.0,0.08421226218133912,20.088421052631578,0.00786403018700941
120,864.0,0.14812373789598077,52.125,0.025921701436985585
121,128.0,0.264856713274495,21.40625,0.06194271339759293
122,977.0,0.09457454050720046,25.103377686796314,0.0098139327155406
123,183.0,0.12026659319283586,6.7650273224043715,0.009930895044223573
124,752.0,0.1274784106642351,34.02925531914894,0.017431488389976848
125,574.0,0.13344526258435677,27.689895470383274,0.01918431404588842
126,634.0,0.1526921055938567,39.59621451104101,0.026679472292084578
127,338.0,0.1371471957031876,17.201183431952664,0.018141619700922727
128,995.0,0.05670835066268505,9.407035175879397,0.0030304796152366277
129,729.0,0.0690894585481879,10.211248285322359,0.004734628781435449
130,751.0,0.0666933087896625,10.093209054593874,0.004513811134261603
131,903.0,0.07242569296643159,13.820598006644518,0.005116620798168331
132,280.0,0.0986225107217589,7.5,0.00773692682839114
133,419.0,0.13631063674325256,22.92124105011933,0.0213053678878588
134,687.0,0.06664893440175876,8.975254730713246,0.004116894086907512
135,653.0,0.05694900563974456,6.367534456355283,0.0015130011125583796
136,478.0,0.10333458186913101,14.707112970711297,0.010313487972183115
137,589.0,0.16069889013791086,42.43803056027165,0.030209375728568404
138,832.0,0.08215395310301495,16.129807692307693,0.006833517458307492
139,457.0,0.11678845972533261,17.435448577680525,0.013682422102511832
140,812.0,0.11273923551330156,28.51231527093596,0.014080002343284959
141,684.0,0.11191614842060507,25.257309941520468,0.014690242749820873
142,492.0,0.13908832079873384,27.829268292682926,0.021005143898904503
143,906.0,0.10296681376528716,28.29801324503311,0.0132406922806873
144,186.0,0.2502965336709406,27.72043010752688,0.0652130173208075
145,218.0,0.22685037592506713,28.513761467889907,0.05499214489122345
146,513.0,0.10728493272583306,17.216374269005847,0.009965329283706904
147,261.0,0.19269624488994413,24.521072796934867,0.03548059299211602
148,935.0,0.1349720295383042,47.84812834224599,0.019689656871351113
149,600.0,0.06001091795363661,6.26,0.0025736662474849623
150,530.0,0.14676158077287665,31.267924528301887,0.021861217558199558
151,915.0,0.09017834096107531,22.465573770491805,0.009840178997997572
152,676.0,0.10448569243586536,20.97041420118343,0.012053622140604285
153,983.0,0.07694286027253511,16.907426246185146,0.006188163420860544
154,841.0,0.09690362772930591,22.977407847800237,0.010905890495164102
155,155.0,0.26715155594019,26.129032258064516,0.06709732422805294
156,398.0,0.117608430204043,15.396984924623116,0.01279351148864075
157,226.0,0.26095690927403575,37.97345132743363,0.07275336359331692
158,180.0,0.16313775416037243,13.277777777777779,0.018466135929957828
159,766.0,0.10031628977898825,22.51697127937337,0.010988547414431418
160,511.0,0.09805353267820519,13.682974559686889,0.008408254706082374
161,183.0,0.21852242356529689,22.633879781420767,0.048476515556243355
162,443.0,0.14853476040649977,27.11060948081264,0.025625060418316515
163,917.0,0.13599131208248905,47.716466739367505,0.022928194906173923
164,881.0,0.11568868514027528,33.02837684449489,0.014499850570727788
165,911.0,0.08503078390709633,18.81668496158068,0.007604152738445745
166,890.0,0.1373967290484442,46.613483146067416,0.019872709329386572
167,544.0,0.1393319128361097,29.408088235294116,0.02343774861250663
168,633.0,0.1307712576858091,30.003159557661927,0.01983151596944649
169,341.0,0.19184057480796662,34.83870967741935,0.04365752937511597
170,385.0,0.17093122510875108,30.727272727272727,0.03453647982550247
171,969.0,0.13810620919898234,50.73065015479876,0.022085137147696148
172,222.0,0.09077568342327487,4.990990990990991,0.0034909530940160525
173,477.0,0.10495303595090866,15.09433962264151,0.011109374721451199
174,964.0,0.08367177121764696,19.771784232365146,0.0074890906636730144
175,139.0,0.12899683864972145,6.302158273381295,0.010549337921643765
176,613.0,0.12155129011437316,26.32300163132137,0.015848561900954024
177,249.0,0.2513703863052205,38.46586345381526,0.060602207314035164
178,913.0,0.12550792130686017,40.278203723986856,0.018039818252795596
179,764.0,0.09982050856938274,22.212041884816752,0.011454805572734216
180,928.0,0.13070523791324845,43.6875,0.018756624743563356
181,375.0,0.07601634214867936,6.533333333333333,0.0031638315064399783
182,490.0,0.07907106012474727,8.575510204081633,0.004932206050420525
183,535.0,0.12929007359720657,25.12523364485981,0.017165791891852602
184,613.0,0.14864669088837285,36.82871125611746,0.025751722530455552
185,697.0,0.07162589946662212,10.677187948350072,0.004184728074297322
186,829.0,0.0787062242131209,15.063932448733414,0.006591895686175894
187,857.0,0.1230784568495539,36.23337222870478,0.01729190620264662
188,132.0,0.2314775353158917,17.09090909090909,0.047809725571028916
189,117.0,0.1988010517147527,11.965811965811966,0.024019026380771965
190,827.0,0.07533334834167706,13.571946795646916,0.005860838012269528
191,325.0,0.1343728056717504,16.695384615384615,0.016295374835937886
192,615.0,0.14824825072939948,37.730081300813005,0.025003823316354895
193,811.0,0.13852729415117865,43.38101109741061,0.022187472507571478
194,978.0,0.10639946510604713,32.40286298568507,0.013133953100753298
195,184.0,0.18568339843820747,17.869565217391305,0.04046985029060287
196,755.0,0.15453246956493397,48.7841059602649,0.02795096586245674
197,908.0,0.06711455986329526,12.077092511013216,0.004147936695928546
198,870.0,0.05118648650851049,6.832183908045977,0.0027155722871015824
199,973.0,0.06751819826282407,13.109969167523124,0.004344120414045385
200,581.0,0.1693853825687478,44.6368330464716,0.03461241012009826
201,731.0,0.1557487886040977,48.43228454172367,0.029934432193177797
202,844.0,0.0853276463546965,17.765402843601894,0.0076341612984493126
203,570.0,0.1393361340963139,29.964912280701753,0.02129750032003017
204,974.0,0.1247323032913638,43.09856262833676,0.01908215456063325
205,252.0,0.12802878924023495,11.515873015873016,0.01323056093898782
206,309.0,0.14330635834711197,17.313915857605178,0.021248082093062913
207,315.0,0.1678128949854682,23.93015873015873,0.025924126663737123
208,612.0,0.12159670532047458,26.23856209150327,0.015778667090239777
209,416.0,0.0829156965141795,8.254807692307692,0.003147701202129878
210,510.0,0.07620576648249487,8.419607843137255,0.0040817175437558835
211,250.0,0.24744841395898737,40.912,0.07167647797615675
212,337.0,0.10241579622858228,10.041543026706231,0.008254047632773126
213,641.0,0.1569418317912359,42.54914196567863,0.028584801777364593
214,762.0,0.12688643271760208,35.4514435695538,0.01952263499348267
215,102.0,0.35401331912652234,30.215686274509803,0.0
216,465.0,0.1681683297445213,34.95913978494624,0.030659429188281555
217,572.0,0.10289485393767453,17.821678321678323,0.0098692829731031
218,857.0,0.07683731939697978,14.954492415402568,0.005968027841149747
219,768.0,0.13968587584673361,42.138020833333336,0.021776822420240094
220,771.0,0.14752185669315396,45.96368352788586,0.02568960152042356
221,395.0,0.15167569801006908,24.825316455696203,0.022617314363468217
222,228.0,0.25126475118176367,36.44736842105263,0.06749527419052749
223,969.0,0.1184558370255549,38.89164086687307,0.016590540655614678
224,690.0,0.08235429287290089,13.605797101449275,0.006713186167254488
225,587.0,0.12427180236695227,25.71039182282794,0.016870531132698798
226,395.0,0.15539748638041428,26.41518987341772,0.029363488087399563
227,701.0,0.13308124345756628,34.9472182596291,0.018483348196296098
228,105.0,0.30365950935529806,22.514285714285716,0.028255275890297683
229,450.0,0.09894327329998717,12.777777777777779,0.009021487156356601
230,897.0,0.1433012908351687,50.876254180602004,0.024338942422340186
231,357.0,0.15999839378128233,25.41176470588235,0.02664269420837064
232,340.0,0.10975104977239186,11.841176470588236,0.010890213717221375
233,877.0,0.057099250974990565,8.36259977194983,0.002547152059938206
234,508.0,0.09741693758372423,13.665354330708661,0.008657738683753753
235,354.0,0.09962126772318242,10.225988700564972,0.008169113974001213
236,377.0,0.12199822790856049,15.570291777188329,0.01633565219600307
237,138.0,0.1686274091117959,10.985507246376812,0.0254759740392834
238,946.0,0.11234119311611375,33.90909090909091,0.01470356828572561
239,728.0,0.10552666234818725,23.002747252747252,0.013013665167966672
240,743.0,0.10566743300644975,23.507402422611037,0.012330886308222266
241,127.0,0.29709648645385084,25.73228346456693,0.035383045205930816
242,209.0,0.25071298045865625,33.39712918660287,0.06160491342576013
243,809.0,0.12778463792592765,37.93077873918418,0.019068300295946364
244,719.0,0.11588484757751277,26.931849791376912,0.014386974785627638
245,485.0,0.15174956650904756,30.536082474226806,0.024808229688739324
246,941.0,0.1306144334265154,44.501594048884165,0.019110496336832088
247,799.0,0.06460364401261875,9.797246558197747,0.00394853756318494
248,908.0,0.10570301125493961,29.121145374449338,0.010928428892550263
249,848.0,0.11131253272414719,29.955188679245282,0.01343310929109462
250,823.0,0.14775178894702298,47.91737545565006,0.02366640152649266
251,746.0,0.144966544207861,43.39142091152815,0.024845992011334486
252,165.0,0.24122611010472206,25.975757575757576,0.06244654898968932
253,187.0,0.1814944222837392,15.711229946524064,0.031197628188467885
254,608.0,0.07979479289095122,11.286184210526315,0.005444533692181686
255,732.0,0.11710524298444489,28.25136612021858,0.015191862705559325
256,212.0,0.23822991890294853,31.77358490566038,0.06936899868972726
257,590.0,0.09717230484835863,15.979661016949153,0.008456355288542935
258,776.0,0.12361253945439973,32.49226804123711,0.017707564711250352
259,298.0,0.097162974496848,7.939597315436242,0.006195116620336593
260,873.0,0.060665642368172026,9.759450171821307,0.0035173825194531314
261,123.0,0.24428643108160675,17.934959349593495,0.056994872758901804
262,147.0,0.16955581499944258,10.666666666666666,0.020714273738493688
263,795.0,0.12226795496242038,33.557232704402516,0.017250978637473317
264,896.0,0.07473342349876794,14.526785714285714,0.005627814593092928
265,799.0,0.11182672661171561,28.495619524405505,0.014185308240581975
266,676.0,0.056943952873841686,6.3579881656804735,0.002675857883506925
267,781.0,0.10072819301903713,22.62740076824584,0.009974628969166635
268,524.0,0.11221546361521881,18.778625954198475,0.013340914123141787
269,445.0,0.06736702632191954,5.784269662921348,0.0026321324771275303
270,213.0,0.18475777470883498,18.7981220657277,0.033609629405308934
271,806.0,0.09627392134074234,20.791563275434243,0.009792079413755036
272,770.0,0.08765636550777622,17.444155844155844,0.008251469609299993
273,486.0,0.11002591015148182,16.983539094650205,0.011718284682566102
274,891.0,0.13862940802810858,47.515151515151516,0.02307143774980596
275,716.0,0.11613728362746777,27.675977653631286,0.015563581240403707
276,279.0,0.15573330932704005,19.448028673835125,0.026731914749501106
277,891.0,0.08948302356133883,20.810325476992144,0.008959104609055168
278,402.0,0.11280674630872148,14.512437810945274,0.011760906331452155
279,685.0,0.11912543093788457,27.92992700729927,0.016968262778211386
280,420.0,0.10009499948786663,12.119047619047619,0.007774521603765895
281,331.0,0.08762172440086644,7.329305135951661,0.0050420891491764494
282,632.0,0.1295276480912942,29.47151898734177,0.018919100186129707
283,428.0,0.13778862672524028,22.425233644859812,0.02289944130817926
284,353.0,0.15966709919237942,24.260623229461757,0.02701866055544631
285,864.0,0.12704522244945196,38.6087962962963,0.018840549558404234
286,949.0,0.08972213040669422,22.49736564805058,0.008240454956916408
287,817.0,0.09651929222631278,21.96328029375765,0.010077678725037575
288,774.0,0.09820657397392984,21.96124031007752,0.010437343056377345
289,444.0,0.10484091340544487,14.108108108108109,0.01007408271227707
290,657.0,0.1503505857232641,40.118721461187214,0.02786120668484767
291,359.0,0.19736290884662505,35.8941504178273,0.04192611145266185
292,332.0,0.1985235436674107,36.024096385542165,0.04509951787216065
293,396.0,0.20135790730867195,42.07070707070707,0.046847659691470304
294,959.0,0.10200891121877537,28.765380604796665,0.011973646804670317
295,863.0,0.0985344534828812,24.247972190034762,0.010023867459920552
296,519.0,0.15565124011015996,34.215799614643544,0.027371029026174054
297,135.0,0.20642054319428754,14.903703703703703,0.04483896322901408
298,256.0,0.20935412912229745,28.7109375,0.04473824865503327
299,931.0,0.11957110255944303,37.8453276047261,0.0165553506074562
300,282.0,0.1602364466847795,19.54609929078014,0.029088962996500996
301,925.0,0.12000002614409915,38.20324324324324,0.016245969990602155
302,575.0,0.13097906009985377,26.876521739130435,0.018513108563076395
303,296.0,0.16590295497039462,22.35135135135135,0.030573076836165634
304,563.0,0.11846470753837256,22.809946714031973,0.013824893141512362
305,216.0,0.20210124688437603,23.09259259259259,0.0435510436631946
306,104.0,0.214165088808686,12.673076923076923,0.04744255874353701
307,402.0,0.1606863217428941,28.393034825870647,0.028236749128132326
308,783.0,0.10407367234678325,24.355044699872288,0.011559424314767567
309,969.0,0.08411018951366869,20.121775025799792,0.0077099856926492695
310,259.0,0.08753906782113476,5.4903474903474905,0.0025558932711195236
311,723.0,0.09061089599740557,16.78838174273859,0.008014202784033586
312,759.0,0.14858484936721045,45.16205533596838,0.024919293778953917
313,272.0,0.12940495842363034,12.536764705882353,0.015060224807728975
314,294.0,0.19251626353030993,30.972789115646258,0.04253089772931728
315,236.0,0.17698358406435233,19.779661016949152,0.03207871128234931
316,367.0,0.13912357385918342,19.275204359673026,0.0182227971411976
317,530.0,0.10610036658054656,17.505660377358492,0.012408333732331056
318,414.0,0.11938337586382283,16.41062801932367,0.012062687562602047
319,264.0,0.15973635198670222,17.742424242424242,0.028281630929936546
320,186.0,0.24283905327197108,28.247311827956988,0.06318430443190676
321,240.0,0.13441256507193838,11.45,0.01645624385404084
322,528.0,0.07757309121176018,9.56060606060606,0.004262943974589593
323,261.0,0.178930144784134,21.632183908045977,0.026475397022371377
324,501.0,0.0844886889363464,10.011976047904191,0.00593106056459356
325,821.0,0.10902950212865918,28.0,0.0134859922547828
326,975.0,0.10112203565646369,28.57846153846154,0.010548509220572783
327,289.0,0.08699298042809239,5.958477508650519,0.004184187140518452
328,127.0,0.2567593095173178,20.346456692913385,0.047629496408458434
329,959.0,0.06911273818758079,13.388946819603754,0.004965641612592279
330,957.0,0.05443578878147103,8.806687565308255,0.0022200334216760913
331,521.0,0.09117950908932863,12.245681381957773,0.0077952850458648274
332,954.0,0.05627725856659391,8.855345911949685,0.0030234383503798035
333,850.0,0.12780640735820023,39.32235294117647,0.018938509112048106
334,785.0,0.14401998424747656,45.43694267515924,0.02530205973252018
335,362.0,0.21218416592818973,42.75690607734806,0.05164869771627989
336,472.0,0.11527597162690373,17.915254237288135,0.01501837008438362
337,636.0,0.1330232681568993,30.933962264150942,0.017320357935007812
338,965.0,0.09219100637685768,24.250777202072538,0.008616291647926459
339,238.0,0.2147009416943566,26.89075630252101,0.04761606560790508
340,235.0,0.12427199657468153,10.272340425531915,0.011407032973650765
341,495.0,0.08523024798539,10.14949494949495,0.005799957711533033
342,260.0,0.23982528906363143,36.853846153846156,0.052751355469880544
343,559.0,0.13671486524184503,29.438282647584973,0.02155941676667956
344,112.0,0.24316739187350456,15.982142857142858,0.05534772021888721
345,577.0,0.06978211162170897,8.370883882149046,0.004376965141088036
346,563.0,0.061310779897164415,6.333925399644761,0.0023263065732339163
347,670.0,0.061152391968974276,7.7522388059701495,0.0026924113864431097
348,279.0,0.1644187817255344,20.767025089605735,0.021474017411709546
349,366.0,0.14035648715711624,19.508196721311474,0.021806538520820668
350,333.0,0.17722546498306382,27.207207207207208,0.03503360822403223
351,146.0,0.15491140893084873,9.726027397260275,0.010969983179694725
352,714.0,0.13620798808478962,36.94117647058823,0.020683532532912073
353,729.0,0.06690214684346651,9.632373113854594,0.003816925524495627
354,414.0,0.1643430449766839,30.768115942028984,0.028274958021890135
355,670.0,0.08407400704468859,13.561194029850746,0.0069836358290594255
356,338.0,0.14150317100674906,17.93491124260355,0.022232744602205735
357,167.0,0.1591089357154433,10.766467065868264,0.020591005216352414
358,332.0,0.22346058406517108,41.24096385542169,0.05284303318783903
359,367.0,0.18893370516142266,34.479564032697546,0.041473858278203365
360,435.0,0.10813632646562635,13.9816091954023,0.010426895837450056
361,831.0,0.11753277194921974,32.49338146811071,0.015742661289929644
362,972.0,0.08078748191539273,18.584362139917694,0.007364377328767174
363,934.0,0.054634453441003476,8.370449678800856,0.003182996211140727
364,969.0,0.08975769574363236,22.776057791537667,0.009108520721563037
365,312.0,0.09622810221576474,8.538461538461538,0.005903049853751166
366,241.0,0.09614875451802099,6.531120331950207,0.0038580308677100784
367,339.0,0.10101707470534332,10.418879056047198,0.005295384658871967
368,723.0,0.10220021506730391,21.665283540802214,0.011079822217357411
369,756.0,0.1562699191949311,49.81481481481482,0.026690500238288832
370,979.0,0.05264895743901585,8.02247191011236,0.0028505502103401826
371,819.0,0.13261612957718893,39.93162393162393,0.019700463600310025
372,876.0,0.08655204661468222,19.253424657534246,0.008196197101791047
373,436.0,0.12429709791051752,19.146788990825687,0.014306657867832931
374,160.0,0.12211064001262406,6.125,0.006629140905917899
375,558.0,0.1154333543567671,21.691756272401435,0.01375962911551061
376,825.0,0.11960104194144255,33.24363636363636,0.015407070145534968
377,229.0,0.25452771135258245,37.56331877729258,0.06894649618046256
378,194.0,0.173745638993498,15.443298969072165,0.028490733656098343
379,299.0,0.1986724762691914,29.993311036789297,0.03977088262283388
380,456.0,0.07140333180580336,6.828947368421052,0.0021498655435621076
381,286.0,0.16970500429608706,21.65034965034965,0.030232913843022808
382,189.0,0.14689728828027762,12.105820105820106,0.018508940496309655
383,714.0,0.1613804870942433,51.85434173669468,0.031477131274304904
384,438.0,0.0910001804456779,10.383561643835616,0.007936571235841927
385,665.0,0.10865822666450721,22.354887218045114,0.012125497345548616
386,657.0,0.12345087409901953,28.404870624048705,0.017444640111322723
387,375.0,0.12403399507126137,16.464,0.017154767807342024
388,729.0,0.08205763511262512,14.449931412894376,0.007026178621607827
389,424.0,0.10503823247447451,13.13679245283019,0.01068005959514818
390,394.0,0.11552604090955707,15.50253807106599,0.012853538159346766
391,775.0,0.08935458577813868,17.93806451612903,0.008011742130060336
392,969.0,0.11240465518859,34.94736842105263,0.015412198209381287
393,935.0,0.05039727189980326,7.067379679144385,0.0021314828675900533
394,555.0,0.09581265896229389,15.160360360360361,0.009217690323665793
395,124.0,0.23268358343299564,18.677419354838708,0.06154886976481354
396,945.0,0.12114477220685342,39.31640211640212,0.016917426534204263
397,170.0,0.1712402528719895,12.670588235294117,0.029439840217654507
398,733.0,0.08368391439512751,15.156889495225103,0.007305322407034154
399,462.0,0.13192347046186365,23.64069264069264,0.020614746964182952
400,261.0,0.0940736563461691,6.766283524904215,0.004148740451804342
401,282.0,0.0951180905156555,6.9787234042553195,0.006079978949943438
402,732.0,0.10498263854321456,22.901639344262296,0.01184872165680804
403,254.0,0.21069680353335032,30.291338582677167,0.03993795795210002
404,735.0,0.15881560839181966,51.03945578231293,0.03154871343886405
405,376.0,0.19077341379173485,34.734042553191486,0.03976443394033621
406,349.0,0.20723795458350247,37.12893982808023,0.03638753961469189
407,119.0,0.2821983962681076,21.428571428571427,0.06984035596793206
408,847.0,0.09160454295758053,21.239669421487605,0.008988939149650503
409,750.0,0.10460994214566949,24.072,0.010577878609531237
410,973.0,0.08585338805796003,21.165467625899282,0.007680363301140131
411,382.0,0.08326631912107749,7.56544502617801,0.0057667551008798055
412,322.0,0.13607742234974285,15.70807453416149,0.019739463174991055
413,578.0,0.10931360014632219,19.69204152249135,0.01365981507766596
414,550.0,0.11840414282267218,21.818181818181817,0.014181129263075484
415,101.0,0.26342679926941737,18.356435643564357,0.06082754670137795
416,982.0,0.07279892087867784,14.723014256619145,0.005182289646897323
417,238.0,0.14341414877888503,13.84873949579832,0.023887080483829266
418,875.0,0.14612076038269145,52.370285714285714,0.02202355914704513
419,213.0,0.2554290178821658,34.52582159624413,0.0695393537327203
420,478.0,0.14728142244852138,28.585774058577407,0.023877036643865385
421,569.0,0.13067425350858808,27.557117750439367,0.018195729117360164
422,907.0,0.10996702906885196,31.576626240352812,0.013382807525958005
423,512.0,0.14659203595622822,30.75390625,0.02456227545952711
424,835.0,0.14383346878624323,47.92814371257485,0.02412299437762301
425,482.0,0.16948400146437967,37.90871369294606,0.03062118357103491
426,326.0,0.11318987329674776,12.883435582822086,0.011060876919989509
427,632.0,0.11214645791375685,23.10759493670886,0.014807873703190477
428,308.0,0.21144305209158282,35.383116883116884,0.047401683205834835
429,132.0,0.278434485745797,22.636363636363637,0.06869390616264774
430,194.0,0.26487889038803414,34.16494845360825,0.06155423360893786
431,365.0,0.13472038404758652,19.205479452054796,0.02366795772904461
432,662.0,0.11632638012117785,25.39274924471299,0.014344033047021098
433,628.0,0.11870717852553421,25.987261146496817,0.017134767115907987
434,541.0,0.1148387663833186,20.691312384473196,0.012898030176787974
435,751.0,0.06891863771277457,10.237017310252996,0.004604848270095916
436,141.0,0.21551067959659892,16.43971631205674,0.038669758688734505
437,627.0,0.07345338918528138,9.773524720893143,0.004471242728835216
438,685.0,0.14875663910119488,41.518248175182485,0.025206964402371457
439,118.0,0.3086358472300771,28.440677966101696,0.00136873093258108
440,217.0,0.14749151787829914,12.31336405529954,0.021581527308141862
441,667.0,0.13678796256414427,33.95802098950525,0.0204146010686586
442,306.0,0.08070948096838294,5.7973856209150325,0.002728327816206592
443,481.0,0.18722116690996643,43.817047817047815,0.03399976502485359
444,235.0,0.1954374970630386,24.65531914893617,0.034999874596115574
445,918.0,0.12106066472704895,37.189542483660134,0.016971557898662264
446,205.0,0.19973107392490086,20.214634146341464,0.03967095606172934
447,833.0,0.054708430627298715,7.378151260504202,0.003118697207782136
448,732.0,0.0908309305998398,16.797814207650273,0.008531716801911598
449,293.0,0.09227492859062739,7.017064846416382,0.004863265659672683
450,931.0,0.07360147217461539,15.095596133190119,0.0058276017694648356
451,734.0,0.12807964028134178,34.55040871934605,0.020165606957308627
452,695.0,0.15225172687451966,43.867625899280576,0.027327421619577418
453,659.0,0.14864377531244843,41.50227617602428,0.026970166004518892
454,145.0,0.2681919573974932,26.675862068965518,0.066352202086458
455,139.0,0.10872383751564853,5.294964028776978,0.003447996322671646
456,540.0,0.1553246985986768,36.41481481481482,0.02873271334341799
457,737.0,0.060883307368438,8.257801899592945,0.0029776687258534574
458,934.0,0.10860324095062596,31.271948608137045,0.013078761470199127
459,186.0,0.22486331085928518,23.0,0.057174941757869815
460,210.0,0.2649853507358223,37.43809523809524,0.06086733049694739
461,991.0,0.13578375585914665,51.210898082744706,0.020860615483944696
462,580.0,0.07993639693958295,10.755172413793103,0.0055535556863828195
463,283.0,0.16784887068627366,22.87632508833922,0.03133615317662725
464,393.0,0.11312063275976655,13.974554707379134,0.012925014703340416
465,719.0,0.08851644695686128,16.54798331015299,0.007483793885887454
466,550.0,0.17775784692843058,44.86545454545455,0.03492305254104738
467,421.0,0.11343167344415565,15.619952494061758,0.012734625720252074
468,593.0,0.09956446414784335,17.568296795952783,0.009856142580599778
469,883.0,0.07943746954376252,15.986409966024915,0.006012218422145192
470,380.0,0.17111793188801722,30.705263157894738,0.03666694514051673
471,190.0,0.24418788240668124,27.91578947368421,0.04706775084678747
472,391.0,0.1497085552528581,24.127877237851663,0.026435450668500678
473,143.0,0.25042019605313376,22.335664335664337,0.05503538371518011
474,730.0,0.06731565173639775,9.693150684931506,0.004031424414462876
475,343.0,0.0858168749839142,7.405247813411079,0.005440543925779214
476,921.0,0.09652329690972596,24.846905537459282,0.01044432426473409
477,301.0,0.1516480807472132,18.471760797342192,0.023004560627702723
478,209.0,0.10478624156921766,6.842105263157895,0.008383745080018545
479,982.0,0.08895546059246091,22.60488798370672,0.008227512663990943
480,798.0,0.12083810078543203,32.954887218045116,0.01616011079402919
481,445.0,0.07059646773627137,6.82247191011236,0.0021445339939839695
482,691.0,0.06827553381107405,9.568740955137482,0.0039035073341782437
483,443.0,0.1882500009248568,40.455981941309254,0.040213469743248
484,161.0,0.28012415171510197,29.46583850931677,0.05903261377332444
485,929.0,0.05511168520333269,8.381054897739505,0.002727354830209526
486,265.0,0.08342403190343554,5.456603773584906,0.001751578410565786
487,593.0,0.12003981233311928,24.09106239460371,0.013182019040583462
488,495.0,0.1393584987229472,27.042424242424243,0.022419446877904155
489,124.0,0.12274269245532236,4.82258064516129,0.0026104216899320676
490,790.0,0.06893464197112394,11.083544303797469,0.004503889144804206
491,400.0,0.12841147885237614,18.46,0.01627017859473261
492,306.0,0.2247106124352336,39.95424836601307,0.044793616263507086
493,948.0,0.14358111514723434,52.938818565400844,0.023156552717888648
494,583.0,0.1225564745702898,25.83533447684391,0.01844512761398141
495,269.0,0.2017707419024744,28.0,0.04165846990001183
496,650.0,0.1630113302158947,46.90769230769231,0.03011578188326125
497,901.0,0.05245003492152667,7.704772475027747,0.002363625793970541
498,104.0,0.21305099677482978,11.01923076923077,0.03271621657400482
499,503.0,0.09733429725853376,13.491053677932406,0.008340712904924628
500,460.0,0.10409994112913681,13.9,0.011136803786563152
501,859.0,0.09288819096227671,21.357392316647264,0.008879322180919528
502,378.0,0.12131995258420127,15.555555555555555,0.014595425326443534
503,295.0,0.08348331772985806,5.932203389830509,0.002928005957257045
504,194.0,0.20284453660763624,20.855670103092784,0.04293786339164037
505,357.0,0.1414909248103101,19.523809523809526,0.01816475084421707
506,398.0,0.12788145529217576,18.597989949748744,0.01584448924899567
507,440.0,0.16263912096139277,31.072727272727274,0.02655677291592351
508,345.0,0.09089428119916809,8.626086956521739,0.003389018669183675
509,637.0,0.10262827670512151,19.246467817896388,0.010787239378678414
510,914.0,0.05848277410530378,9.14223194748359,0.0030239253192632706
511,245.0,0.21694673344302734,30.016326530612243,0.05143609662653592
512,381.0,0.12663889037851003,16.971128608923884,0.016213460502725707
513,861.0,0.11705548165433641,34.260162601626014,0.01649418478198946
514,664.0,0.12526117163924672,30.542168674698797,0.01879154214925389
515,509.0,0.18645395309798013,46.52652259332024,0.03887453057318393
516,137.0,0.2512448874548415,21.78102189781022,0.06438651167775092
517,709.0,0.1443361060150669,40.35543018335684,0.022780386672235878
518,237.0,0.19479457740561826,23.755274261603375,0.03470295181455479
519,271.0,0.08865745190327799,5.940959409594096,0.0027476352164023557
520,218.0,0.1072622254927344,6.889908256880734,0.004092493306463366
521,197.0,0.0961963083117301,5.065989847715736,0.00364369888435549
522,384.0,0.20478043584389696,42.427083333333336,0.04797592808126747
523,500.0,0.15566690137283895,31.924,0.025213876297974752
524,265.0,0.2243927451031926,35.11698113207547,0.053245039511279776
525,451.0,0.1618631829039013,33.05986696230599,0.0315059310464626
526,270.0,0.19394991526120325,24.562962962962963,0.037517604968647436
527,233.0,0.13594318985548456,12.0,0.015479377067556413
528,107.0,0.23371799046935404,13.700934579439252,0.045687390231157886
529,480.0,0.14923669009651291,28.758333333333333,0.02502053237929196
530,688.0,0.0801497831660225,12.622093023255815,0.006685616497197071
531,432.0,0.1766993359605174,36.4537037037037,0.030951617881652144
532,475.0,0.13152015956391905,23.065263157894737,0.0163456074854373
533,278.0,0.08985144079719856,5.884892086330935,0.005454747311146788
534,336.0,0.22118057959802676,41.32738095238095,0.05594874747358715
535,660.0,0.14691415657802398,38.23939393939394,0.024871256538854802
536,436.0,0.12195777317940906,17.96788990825688,0.013607493212783501
537,426.0,0.1065326502940263,13.568075117370892,0.010210360083963213
538,989.0,0.05964622553134281,10.38422649140546,0.0035962473416730678
539,391.0,0.17257885358095335,33.04859335038363,0.03272187838707262
540,942.0,0.08436932340235628,19.51380042462845,0.0076757813334975885
541,111.0,0.17217652856951915,7.783783783783784,0.023094204145251394
542,841.0,0.12645452185540873,37.32936979785969,0.017974339615114663
543,869.0,0.14872658000245248,51.675489067894134,0.02477814332898437
544,898.0,0.10872025047326628,29.959910913140313,0.013323660858529924
545,978.0,0.04822196756737249,6.717791411042945,0.0013563635755847346
546,119.0,0.2982868615280311,25.3781512605042,0.025783703720933415
547,506.0,0.09931022831050765,14.146245059288537,0.00919274484617189
548,771.0,0.09678885538221937,21.009079118028534,0.010320121477664005
549,686.0,0.1033956413264473,21.002915451895042,0.011594336065662448
550,410.0,0.1284332213405206,19.317073170731707,0.014071349372373277
551,416.0,0.07015918073152087,5.759615384615385,0.0017598300070334368
552,165.0,0.13819405693245124,8.27878787878788,0.016276040849105285
553,912.0,0.10238117366940536,26.94517543859649,0.011949819546250342
554,252.0,0.20192895611747028,25.761904761904763,0.04155009294703975
555,137.0,0.18232954735592438,12.992700729927007,0.033684468949126994
556,464.0,0.13875701174965438,24.875,0.02155180860277713
557,116.0,0.16754282023445893,8.586206896551724,0.01225527924876726
558,251.0,0.2207700556580961,32.14342629482072,0.06041820297055459
559,352.0,0.2001225343485685,37.89204545454545,0.044328453079662634
560,945.0,0.08785289692577325,21.25925925925926,0.008488800255117467
561,257.0,0.0968512725224305,7.066147859922179,0.005531700228605219
562,191.0,0.2668151957661363,34.02094240837696,0.06768133067255144
563,971.0,0.10525823767103573,30.31925849639547,0.012323671888731359
564,723.0,0.09936924908151458,20.64453665283541,0.009902800808788758
565,837.0,0.14789369600076868,49.323775388291516,0.025604327631309366
566,998.0,0.08772358100705835,22.35671342685371,0.007755356975168166
567,527.0,0.09451335872695327,13.935483870967742,0.008852091187232788
568,465.0,0.11024062807168239,16.580645161290324,0.012950987903114844
569,539.0,0.1665874028142124,42.5974025974026,0.035350659452526724
570,134.0,0.19260879244245036,13.26865671641791,0.034839433454345294
571,117.0,0.1184748997287726,4.3760683760683765,0.006328746342530334
572,876.0,0.06547941747131925,11.513698630136986,0.004098982890900936
573,951.0,0.12798573611263808,43.57939011566772,0.01779193348783973
574,304.0,0.21909663361883724,36.16447368421053,0.054930719690592544
575,511.0,0.07171873999462512,7.373776908023483,0.0038083098185286517
576,746.0,0.13262879842971462,36.415549597855225,0.019948337706075698
577,596.0,0.09607441547803106,15.704697986577182,0.009940956713592686
578,101.0,0.3113103631813624,22.099009900990097,0.018538415409267858
579,699.0,0.07915800098908901,12.701001430615165,0.006101566671848641
580,539.0,0.1565293704558634,37.16883116883117,0.028118977317814153
581,458.0,0.18351942925660464,40.51091703056768,0.040517440539281954
582,268.0,0.2084898622137044,31.761194029850746,0.05696059318022991
583,787.0,0.1542784187711031,50.49555273189326,0.02824246703723634
584,768.0,0.059549891258120755,7.825520833333333,0.0030320904492328097
585,186.0,0.13299033122826948,9.483870967741936,0.013526387223025956
586,493.0,0.1743504683124833,40.5841784989858,0.031276693881294074
587,259.0,0.2289322632631664,34.16216216216216,0.05629356510909728
588,151.0,0.24120984479474014,21.602649006622517,0.046516775419756094
589,124.0,0.2644449465379231,23.096774193548388,0.05621676732649404
590,164.0,0.09990782402611914,4.963414634146342,0.002354598519898609
591,319.0,0.12079517639474362,13.617554858934168,0.013442150906830912
592,966.0,0.0981576170588303,26.939958592132506,0.011411998872665429
593,742.0,0.09779779268157981,21.159029649595688,0.009863207621307307
594,894.0,0.10022188935795162,25.706935123042506,0.011327648683198948
595,824.0,0.06140979046748658,9.194174757281553,0.0035315954133176668
596,196.0,0.23025772661951582,24.897959183673468,0.04891840463885182
597,224.0,0.25276398865004845,35.473214285714285,0.06499619350064612
598,730.0,0.1344405505230728,37.586301369863016,0.02019936896051425
599,356.0,0.14443269456789382,19.8876404494382,0.019832443043909832
600,342.0,0.09052705474381371,7.994152046783626,0.004798218713935257
601,605.0,0.14627801973878735,36.11900826446281,0.026655196611531467
602,617.0,0.1576561564673856,42.75526742301459,0.02821408375160832
603,670.0,0.10722226251472318,21.919402985074626,0.012309522069017741
604,947.0,0.05919554816661226,9.76557550158395,0.003592912804375089
605,588.0,0.15263742359054433,36.99659863945578,0.02391601241461282
606,276.0,0.09628679314250245,7.1521739130434785,0.0037639997481557714
607,932.0,0.0654519918189964,11.969957081545065,0.00412931806216917
608,408.0,0.10577068348135787,13.02450980392157,0.009590742464450689
609,483.0,0.10011180720947122,14.128364389233955,0.010024462902216535
610,910.0,0.0890431022722298,20.826373626373627,0.008538913967803376
611,502.0,0.1566798468715756,34.374501992031874,0.027198294487148146
612,622.0,0.066822780081874,8.189710610932476,0.0032952705924091754
613,525.0,0.15439151035852275,33.904761904761905,0.024431920760066842
614,375.0,0.19611862062778035,38.282666666666664,0.04295467925646279
615,572.0,0.07947781332231153,10.506993006993007,0.006382231458108148
616,344.0,0.1013221746876396,9.686046511627907,0.008319283172241558
617,515.0,0.09818302064323339,13.984466019417475,0.009687495170345752
618,456.0,0.1960851337873602,46.078947368421055,0.04042053007335038
619,247.0,0.1899836697718716,23.60323886639676,0.03230618139431536
620,155.0,0.20510012552646406,15.987096774193548,0.03899814228853418
621,299.0,0.2080520765932085,34.66220735785953,0.05061534500374369
622,373.0,0.1696935433230454,29.319034852546917,0.028950108596769154
623,822.0,0.13312328747114321,39.93917274939173,0.018689817602372795
624,318.0,0.14889450803461077,19.70440251572327,0.02659631307450101
625,158.0,0.22295751294110266,18.79746835443038,0.05069697820479633
626,324.0,0.07979997225655916,5.777777777777778,0.002575011106002876
627,465.0,0.1254308324861242,20.778494623655913,0.01812242042248791
628,702.0,0.1020444941306247,20.962962962962962,0.010539708258295491
629,407.0,0.09755075070719943,11.228501228501228,0.008121195386013535
630,599.0,0.1278219771110618,27.081803005008346,0.01818344761533024
631,140.0,0.2811200847768909,26.742857142857144,0.06404765675307435
632,735.0,0.12756007400660857,32.89523809523809,0.01815607836415598
633,907.0,0.09615686305768414,24.626240352811465,0.010368271493739409
634,732.0,0.12658722236881262,33.12021857923497,0.017079816883511588
635,880.0,0.060660324346464796,9.697727272727272,0.0035193069260706492
636,870.0,0.07732605952948196,15.04367816091954,0.005664932843681217
637,390.0,0.18021797864075106,33.13846153846154,0.033688893634853105
638,137.0,0.27353922776063966,24.40875912408759,0.06784276460642813
639,322.0,0.09105597432791303,7.472049689440993,0.005011708208237741
640,446.0,0.1147127143286749,16.179372197309416,0.01282575258626703
641,214.0,0.11429233698852126,7.429906542056075,0.009160974264365029
642,961.0,0.052570286283457744,7.962539021852237,0.0022085303427988433
643,654.0,0.09012506096077363,15.37308868501529,0.007261387767383612
644,929.0,0.07220349020697145,14.370290635091497,0.005957433468371689
645,873.0,0.11390839322176902,32.08476517754868,0.014536591917832919
646,811.0,0.14435571353273902,46.2367447595561,0.02296296406001875
647,141.0,0.17240593057947828,11.00709219858156,0.0265466502926422
648,709.0,0.0827964960886222,14.425952045133991,0.006340438902872276
649,210.0,0.17104258350938592,16.17142857142857,0.026531796106972226
650,322.0,0.08535790803961879,6.795031055900621,0.004413190168685246
651,535.0,0.13904984321569275,29.4803738317757,0.02155189414035177
652,966.0,0.13261727191811518,46.50310559006211,0.0212976889100532
653,504.0,0.1456189478551807,28.91269841269841,0.02432588434611736
654,333.0,0.07559868158007953,5.495495495495495,0.0022686848126402823
655,251.0,0.14208972273230297,13.808764940239044,0.02086211049748937
656,747.0,0.10981453947627376,25.502008032128515,0.013211165538739852
657,913.0,0.132874483654614,45.06900328587076,0.02070904003677618
658,112.0,0.17974987520753472,9.803571428571429,0.034153331977319
659,844.0,0.09536892151228074,21.834123222748815,0.009810344564733184
660,210.0,0.16211610990161424,14.114285714285714,0.021127732762129668
661,129.0,0.2926201627639956,25.472868217054263,0.02977226723398433
662,646.0,0.12228281363706633,26.848297213622292,0.01620354904857488
663,656.0,0.07161689380809967,9.652439024390244,0.0036546475534087776
664,867.0,0.13463631710101756,44.67128027681661,0.020228859166477636
665,442.0,0.11965919211246161,17.846153846153847,0.015126189784564748
666,591.0,0.10449230187044634,18.406091370558375,0.010304417963651556
667,997.0,0.05199364448258989,8.198595787362086,0.002345395015215967
668,419.0,0.0726587867085644,6.558472553699284,0.003228765391507659
669,609.0,0.07583115523302027,10.088669950738916,0.0054386637166642104
670,784.0,0.11247728293143236,28.482142857142858,0.013482970445942374
671,931.0,0.04987089740208725,6.919441460794844,0.0023029836758387385
672,610.0,0.1087452548929171,20.78360655737705,0.01356256857566689
673,954.0,0.057933945591956734,9.371069182389936,0.0029129348391461153
674,530.0,0.1455245156834281,31.264150943396228,0.02411640590324706
675,720.0,0.10424307506659211,22.488888888888887,0.012614742799286238
676,299.0,0.16741776582630818,23.25083612040134,0.02601101444227593
677,979.0,0.0848274101666597,20.410623084780386,0.008175812041208081
678,362.0,0.17328381054065542,28.524861878453038,0.03278203524818668
679,888.0,0.127641446763267,40.77477477477478,0.01820904925718563
680,710.0,0.08522301637580229,15.056338028169014,0.007443977244462845
681,145.0,0.26710504966143245,24.06896551724138,0.07128256455642841
682,187.0,0.20743781657208327,20.22459893048128,0.043605661856417045
683,949.0,0.08412762299503823,19.371970495258168,0.007109643096942532
684,174.0,0.1338841191716112,8.862068965517242,0.0167893008767921
685,325.0,0.1714643449984395,26.584615384615386,0.024724880680630137
686,984.0,0.06348530928762863,11.873983739837398,0.0038703554965242525
687,589.0,0.17426053550533743,49.96264855687606,0.03427772112604313
688,396.0,0.10497600898239948,12.292929292929292,0.008652086402248734
689,196.0,0.2502246112897133,31.540816326530614,0.06758195224322756
690,597.0,0.10526326934670702,19.407035175879397,0.011228117536589904
691,139.0,0.11214186300941019,4.863309352517986,0.0035299225471782563
692,610.0,0.09642731494119074,16.691803278688525,0.008816083674689532
693,508.0,0.13582887925224438,26.570866141732285,0.020994530832553805
694,965.0,0.12007964828456724,39.72020725388601,0.017289688974464614
695,703.0,0.06942508179114698,9.980085348506401,0.0036622820111843145
696,705.0,0.09306294913780319,17.790070921985816,0.008593798003735758
697,302.0,0.1375380902700553,15.443708609271523,0.018266965147286415
698,122.0,0.2793153521096877,22.442622950819672,0.049758233195070764
699,345.0,0.09826736172285669,9.895652173913044,0.007220574115405602
700,174.0,0.11258941475949835,6.287356321839081,0.007946398291482987
701,748.0,0.06996923069353317,10.772727272727273,0.0045622677282771825
702,934.0,0.14360238905465933,54.34047109207709,0.023824127251872614
703,423.0,0.15900006252443288,28.070921985815602,0.02435040742284713
704,518.0,0.0847996261066673,10.772200772200772,0.0068665296473980255
705,570.0,0.08369980419949416,11.449122807017543,0.005692976324049061
706,719.0,0.09217675267874656,17.4547983310153,0.00885112583925363
707,346.0,0.11258797816378585,12.260115606936417,0.010636804996925753
708,298.0,0.19821752214645694,30.758389261744966,0.03365583517436475
709,459.0,0.11166350637908208,15.821350762527233,0.012959773048986604
710,112.0,0.3233435965419745,24.928571428571427,0.0181874777256681
711,999.0,0.05430994146047238,8.706706706706706,0.002607989353132636
712,164.0,0.28275564683995436,29.79268292682927,0.06603334147839598
713,860.0,0.05811041533223079,8.720930232558139,0.002662756358400194
714,703.0,0.07170049131513567,10.813655761024181,0.00523007323225055
715,447.0,0.06804018281194943,5.968680089485459,0.001729183326792317
716,520.0,0.13942249379501834,27.573076923076922,0.019219463383583556
717,597.0,0.06877603574659846,8.036850921273032,0.00311234070688141
718,949.0,0.09938185632004243,26.916754478398314,0.01168993024607674
719,858.0,0.05400143356288377,7.335664335664336,0.002213097699688418
720,929.0,0.12405092861440506,39.892357373519914,0.017870243349897615
721,930.0,0.050005595136998295,6.922580645161291,0.001798403000072871
722,524.0,0.14896187948648365,33.30534351145038,0.02349712657071053
723,607.0,0.05914285203743515,6.665568369028007,0.002338807236389663
724,443.0,0.1572299991574922,29.408577878103838,0.0241614670268545
725,198.0,0.19058942163406734,19.303030303030305,0.03297161391992766
726,893.0,0.12283540699596544,38.61590145576708,0.017897101046245055
727,887.0,0.07050740286235863,13.13641488162345,0.00576097863984896
728,264.0,0.23150806347144776,35.75,0.057394801026854306
729,690.0,0.13512977163806758,34.721739130434784,0.01979381055320647
730,973.0,0.11118418064139914,34.19116135662898,0.014010724746728122
731,555.0,0.12564339717684447,23.895495495495496,0.016444818027694465
732,848.0,0.09382352294700069,21.70754716981132,0.00980984190592595
733,233.0,0.09142144301037278,5.553648068669528,0.0028636704419842244
734,437.0,0.1361426529759518,22.846681922196797,0.020063026185516294
735,361.0,0.08473118951614783,7.296398891966759,0.005245853952098334
736,822.0,0.12428877778972013,35.742092457420924,0.01871887322595141
737,431.0,0.1824322056183258,38.733178654292345,0.03962125587319613
738,427.0,0.11210417189194205,16.131147540983605,0.01337908856557422
739,211.0,0.12564309055063697,9.137440758293838,0.01227744873092251
740,572.0,0.09884253906162324,15.958041958041958,0.009945908576857612
741,242.0,0.18318544822936766,20.545454545454547,0.034968264505008326
742,907.0,0.085495698529307,18.59536934950386,0.007460944816564724
743,256.0,0.09177606074450631,6.296875,0.003293735798289981
744,566.0,0.10056773214141992,16.67844522968198,0.010978444267902942
745,692.0,0.05825028743132302,6.855491329479769,0.002468319192241692
746,494.0,0.14077618720946924,26.951417004048583,0.019315271005686415
747,821.0,0.12300619332147363,34.7551766138855,0.01595882181260167
748,530.0,0.09609122755384902,14.139622641509433,0.00851941418269366
749,477.0,0.1734774481874892,38.020964360587,0.03071043474333065
750,339.0,0.08763558892213986,7.050147492625369,0.004715239050236868
751,108.0,0.28363172500668377,21.12962962962963,0.06916271134494756
752,288.0,0.09512679246951897,7.152777777777778,0.0036828099086545886
753,993.0,0.09450120532020703,25.305135951661633,0.009867129309958502
754,394.0,0.11099378862030851,14.081218274111675,0.010411531551938476
755,324.0,0.18484647265645238,30.95679012345679,0.0378764372422251
756,878.0,0.11451849933641686,31.747152619589976,0.015491913120381517
757,564.0,0.0607404750894947,6.031914893617022,0.0017233423778679653
758,700.0,0.11287088986916574,24.737142857142857,0.013356278099242771
759,769.0,0.14085027101358444,41.185955786736024,0.02103412056684981
760,515.0,0.07959583482449434,9.262135922330097,0.005554570963277063
761,763.0,0.06926117316566746,10.55570117955439,0.004092699782752157
762,476.0,0.1836080986846886,42.05882352941177,0.034291365889284754
763,324.0,0.11140631787807337,11.006172839506172,0.011234356366880199
764,371.0,0.19628606862449388,37.45013477088949,0.04261062560097726
765,847.0,0.1278673132985168,38.96103896103896,0.018581269162674358
766,621.0,0.09256704799118591,15.587761674718196,0.00963503524533944
767,713.0,0.10620295885811812,22.538569424964937,0.012938634723269787
768,383.0,0.1791075097028481,32.68929503916449,0.030271384691276704
769,882.0,0.1136388587626555,31.954648526077097,0.014553323190819334
770,381.0,0.13977834737454406,20.703412073490814,0.019845627694757034
771,568.0,0.11505006551137018,21.429577464788732,0.01261312366547752
772,327.0,0.09421486877900234,8.250764525993883,0.005376838179658211
773,239.0,0.09409028327985675,5.99163179916318,0.006039522105080333
774,209.0,0.24087512895002147,30.784688995215312,0.060088610272368934
775,311.0,0.10051141056768978,9.209003215434084,0.006977409187019617
776,103.0,0.30601731624357065,22.485436893203882,0.06914255249242865
777,425.0,0.14104721378721927,23.651764705882353,0.02346148446531074
778,741.0,0.12957953347992346,34.60458839406208,0.018671162670261955
779,503.0,0.16248738025153756,35.75745526838966,0.03006852944026578
780,932.0,0.14242773887236235,52.066523605150216,0.02283576223042579
781,516.0,0.1390000799219825,27.224806201550386,0.019327284550550192
782,990.0,0.09365976157735427,24.832323232323233,0.009922882285949246
783,887.0,0.1175852033927845,35.02593010146561,0.016808488492621933
784,907.0,0.09327470088736556,22.134509371554575,0.009345633340219905
785,429.0,0.12282454348171526,17.14219114219114,0.014555945363502038
786,437.0,0.1493303664046107,26.219679633867276,0.02480040990461777
787,392.0,0.1735297096750807,34.204081632653065,0.034253511262989506
788,537.0,0.13628374616368738,27.538175046554933,0.022050403116508473
789,764.0,0.05747813113607028,7.607329842931938,0.0032905322260667396
790,816.0,0.0833050680131358,16.970588235294116,0.006959999616382927
791,787.0,0.11895227926299007,32.31766200762389,0.016278226737771267
792,967.0,0.06115400645387479,10.701137538779731,0.0044710159243373316
793,467.0,0.10042301503108203,13.965738758029978,0.009387639345582541
794,695.0,0.11856765446300455,28.074820143884892,0.015270052685066737
795,591.0,0.15991147309115794,41.5668358714044,0.029397655645217437
796,224.0,0.10500070793438156,7.258928571428571,0.009628497974818625
797,787.0,0.12456375386046964,34.22617534942821,0.017920555473248966
798,520.0,0.1035989089313315,16.196153846153845,0.010907139738452665
799,713.0,0.10736338370187137,23.192145862552593,0.012963312073075463
800,689.0,0.08726728543902483,15.082728592162555,0.007902221415736602
801,648.0,0.1013130528562019,19.07716049382716,0.011532368567524851
802,941.0,0.07447541024615012,15.353878852284803,0.005197712376789635
803,372.0,0.12489963007255368,16.010752688172044,0.015524179273292743
804,717.0,0.13783793224179708,37.35285913528591,0.020555125241368696
805,606.0,0.16471227940343858,43.82508250825082,0.031056957094477693
806,240.0,0.1692664619647823,18.116666666666667,0.03164254053418602
807,995.0,0.12344080946604959,42.08844221105527,0.016434457727431885
808,505.0,0.09254030600632301,12.22970297029703,0.007705725638643421
809,578.0,0.14036202702511408,31.498269896193772,0.02086032337922742
810,470.0,0.11416265788290175,17.98723404255319,0.013165863967541606
811,876.0,0.0749001613553491,14.570776255707763,0.006121565271505984
812,707.0,0.1228659674358406,30.908062234794908,0.017786877678817307
813,117.0,0.29828411422701895,26.666666666666668,0.014090353655869095
814,853.0,0.10268919095574203,25.202813599062132,0.011657523650927166
815,270.0,0.14706799175149216,15.14074074074074,0.01535287965120966
816,189.0,0.2118244945563632,21.904761904761905,0.05298472981668615
817,752.0,0.12971127629501053,34.98936170212766,0.020036002627614256
818,232.0,0.2403267701731434,34.31896551724138,0.069905022349567
819,490.0,0.11502350180887458,18.726530612244897,0.013537842673129272
820,439.0,0.15905493699114656,31.37129840546697,0.026713709381824262
821,845.0,0.09008556210227303,20.324260355029587,0.008748118789957505
822,965.0,0.1043656878525025,30.267357512953367,0.01185605817569417
823,808.0,0.08907678981364549,18.396039603960396,0.008081539610195282
824,584.0,0.1736801411729365,47.64383561643836,0.03313813308776388
825,252.0,0.2085993938020231,28.30952380952381,0.04554298301871055
826,314.0,0.21229493857446724,35.77070063694268,0.05085975731826779
827,864.0,0.1209680595506776,35.182870370370374,0.017194079697637456
828,353.0,0.18003495832897815,29.388101983002834,0.03258430499611141
829,307.0,0.11751085657966082,12.241042345276872,0.014892846826616643
830,335.0,0.15945065309231576,25.116417910447762,0.028942396093254285
831,437.0,0.14996443333373652,27.180778032036613,0.0261546311091219
832,239.0,0.20607008037956703,25.564853556485357,0.04067542740896815
833,867.0,0.14337303795189096,49.693194925028834,0.023476878623700428
834,551.0,0.1652104741606021,40.990925589836664,0.03077895661578211
835,668.0,0.14458164358496944,37.71556886227545,0.02385348840817951
836,742.0,0.07650653546468354,12.929919137466307,0.005935270293236281
837,314.0,0.12423340288857196,13.847133757961783,0.015980468676978533
838,201.0,0.23924841926540252,30.65671641791045,0.06581716504747889
839,465.0,0.07936268800386038,8.086021505376344,0.0040417346694720645
840,661.0,0.06345991927942342,7.806354009077156,0.003407432286601027
841,921.0,0.12708313536209231,42.0542888165038,0.0182583444906934
842,430.0,0.09296225395207795,10.888372093023255,0.006898857671911123
843,751.0,0.11117101819334925,26.125166444740348,0.013862193679783691
844,435.0,0.17788669040514155,35.793103448275865,0.030864036520262216
845,905.0,0.1332176707758703,44.31381215469613,0.020604870156482782
846,427.0,0.18293604289007126,38.730679156908664,0.040065706901703343
847,742.0,0.11035637971236331,25.78436657681941,0.013109309863306806
848,469.0,0.11792048189008866,18.247334754797443,0.012928132932006037
849,119.0,0.2338995518537837,16.89075630252101,0.0551427147037528
850,398.0,0.16477375584399429,29.42713567839196,0.02892614760242774
851,165.0,0.14347731361055088,9.26060606060606,0.013477870619089444
852,264.0,0.24522935346463975,38.946969696969695,0.05861359916798927
853,306.0,0.14542570480418482,17.54901960784314,0.02018245431231986
854,978.0,0.09117804851175308,24.24130879345603,0.009735315796575302
855,140.0,0.2177593474963752,17.242857142857144,0.04221248588104466
856,749.0,0.08787368777780064,16.939919893190922,0.008033683357203175
857,894.0,0.10641107624757193,29.333333333333332,0.012478770196977632
858,165.0,0.23902230420680762,23.393939393939394,0.0611475660787779
859,788.0,0.12250679731790652,33.736040609137056,0.017021219039604827
860,620.0,0.06028172194414516,6.564516129032258,0.0021769515199187577
861,550.0,0.06537137695537636,7.203636363636364,0.003498408087808565
862,699.0,0.11012272519407511,23.48497854077253,0.013922198418667797
863,169.0,0.20717365445014102,17.31360946745562,0.03631047390821697
864,363.0,0.20075982931266093,38.892561983471076,0.04270081950457189
865,641.0,0.11024505981817978,22.38377535101404,0.013302565615526766
866,552.0,0.06356475797415208,6.38768115942029,0.0028928170589314134
867,610.0,0.0788329568172086,11.468852459016393,0.004829620387863926
868,174.0,0.2270173510218752,22.528735632183906,0.05406462314061433
869,243.0,0.1990135916363186,25.54732510288066,0.039226628316165295
870,373.0,0.19726465182300276,39.17426273458445,0.0501193809425304
871,742.0,0.11499655235644107,27.61185983827493,0.013785873511701106
872,341.0,0.1363857729789341,17.501466275659823,0.018339538949413373
873,862.0,0.10530481530326237,27.37587006960557,0.012164885405840152
874,828.0,0.08883985915559275,19.055555555555557,0.008489543767693154
875,455.0,0.11503619858634231,16.562637362637364,0.014022625808034529
876,934.0,0.06506609115205787,11.745182012847966,0.003883465916971634
877,819.0,0.1366593958389982,42.776556776556774,0.021497850526152728
878,559.0,0.1393949070704811,30.19320214669052,0.021366095317999302
879,123.0,0.3037350956214273,29.170731707317074,0.06417669748928641
880,873.0,0.1424107778157226,47.427262313860254,0.022516386225965572
881,448.0,0.13239941347847511,22.008928571428573,0.01754601866342858
882,305.0,0.08185838707017619,6.111475409836066,0.0033375379515767764
883,649.0,0.11511418543643143,24.36979969183359,0.012778274981050827
884,508.0,0.14904736117026976,30.681102362204726,0.0225613715718046
885,300.0,0.18348041837225054,26.52,0.03608658201628751
886,492.0,0.14486332018779607,29.422764227642276,0.0223129194220486
887,427.0,0.10516179835489704,13.892271662763466,0.009861728982130986
888,257.0,0.1351155858449783,13.058365758754864,0.01804439866683047
889,540.0,0.14048716942368492,28.27777777777778,0.019337459514888154
890,492.0,0.10360982952621275,15.321138211382113,0.010537121463040958
891,805.0,0.08985353428891626,19.20993788819876,0.009134601256126224
892,735.0,0.05754226557769248,7.072108843537415,0.002810683556253319
893,935.0,0.07110431899296234,13.993582887700535,0.005014680069594878
894,274.0,0.08276841319169254,5.131386861313868,0.001984509879787119
895,495.0,0.18790322995714376,44.65050505050505,0.0364354115629865
896,406.0,0.195167616712605,42.30541871921182,0.03699250865638021
897,513.0,0.080289200402303,9.481481481481481,0.004944398125699494
898,469.0,0.14781233028793206,28.341151385927507,0.023977039936829075
899,526.0,0.06233190595541731,6.315589353612167,0.001634919932930718
900,761.0,0.08853853127498437,17.40867279894875,0.00798550003564088
901,741.0,0.06519714404370322,9.19838056680162,0.0036345320565352264
902,855.0,0.13585322946387618,43.75204678362573,0.02017275285662725
903,255.0,0.18513170863629402,24.776470588235295,0.030314743512224445
904,314.0,0.13080493444731386,14.777070063694268,0.01788232065944773
905,522.0,0.1248697381835806,22.122605363984675,0.01778203180987554
906,265.0,0.18602037040821284,23.879245283018868,0.03240404047352186
907,550.0,0.06443676784245886,6.781818181818182,0.002318157551650549
908,864.0,0.11334519546008157,32.30555555555556,0.015093198454825724
909,551.0,0.13095480289935063,25.76769509981851,0.018270014347157745
910,676.0,0.11062386258435601,23.51775147928994,0.012539660422307284
911,902.0,0.0610786863946927,9.946784922394679,0.0029952359354338924
912,324.0,0.1904456728175682,29.944444444444443,0.03740066909312242
913,249.0,0.21213077179661777,28.53012048192771,0.04356560668552379
914,641.0,0.16249471427328563,46.667706708268334,0.02888280270444129
915,135.0,0.1892521833826279,13.244444444444444,0.034672846858206416
916,337.0,0.15688444086011044,23.626112759643917,0.024343759700119143
917,249.0,0.20951151484219033,29.188755020080322,0.052578626065999015
918,745.0,0.09967703228231437,21.78255033557047,0.010530802829854965
919,311.0,0.187999234752069,29.15112540192926,0.03791051006772995
920,816.0,0.135900048400715,41.60294117647059,0.020597066223036448
921,311.0,0.22931844438758095,40.48874598070739,0.05836199171081087
922,331.0,0.15533062732227654,21.299093655589125,0.024606858472068588
923,574.0,0.08828291591714994,13.292682926829269,0.007974651436692331
924,690.0,0.10309970939764919,21.11304347826087,0.011085977667874006
925,175.0,0.14174386986103993,9.725714285714286,0.016317618824297792
926,121.0,0.17100687148790691,9.37190082644628,0.014201150629625178
927,283.0,0.12862347466234791,13.314487632508834,0.015096652275249972
928,637.0,0.15183729497507983,38.687598116169546,0.026447144422931456
929,242.0,0.15867071482899536,16.59504132231405,0.026506918910103077
930,153.0,0.27161944869762844,28.026143790849673,0.06278387582784528
931,850.0,0.09781065862709327,23.12235294117647,0.010431466272495268
932,795.0,0.13812217990478015,42.100628930817614,0.021609023439550224
933,496.0,0.08423890342960597,10.483870967741936,0.005641198646364165
934,466.0,0.13430245015676184,22.523605150214593,0.019855176357339587
935,300.0,0.22984807595118406,40.553333333333335,0.06241042693492118
936,512.0,0.14077315594625345,26.98046875,0.020734516288409027
937,461.0,0.11553177219541652,17.579175704989154,0.013003757998399146
938,436.0,0.10965660684298945,15.123853211009175,0.010751368042466295
939,903.0,0.12455809998923383,39.51052048726467,0.018148117211115585
940,949.0,0.052675907254151416,7.913593256059009,0.0022380721271297705
941,822.0,0.13312425751582552,40.435523114355234,0.020204970623144976
942,795.0,0.07729109407758464,13.715723270440252,0.005939409427866667
943,457.0,0.16657287916384084,34.02625820568928,0.03126359573341441
944,557.0,0.07872705639632105,10.0754039497307,0.006376293335552724
945,454.0,0.11013837532435478,15.255506607929515,0.012547500483335295
946,242.0,0.12107463512540731,10.090909090909092,0.011904690152341715
947,617.0,0.06938510507181611,8.86547811993517,0.0038459223440881693
948,398.0,0.1969612059378359,40.01005025125628,0.04605092307114644
949,329.0,0.20338696582428795,36.37689969604863,0.04906733713126887
950,714.0,0.05838358904609392,7.221288515406163,0.0026567931577253716
951,421.0,0.1724401034817188,34.826603325415675,0.036166139054235664
952,495.0,0.17653659127731974,41.01414141414141,0.034678065943856196
953,475.0,0.11076942826826741,16.46315789473684,0.012333480221245982
954,583.0,0.08776443350587519,13.005145797598628,0.0077211400088132666
955,456.0,0.08108359614415028,8.570175438596491,0.006124195341078669
956,356.0,0.14668473406678173,21.926966292134832,0.025002239955084854
957,472.0,0.10377906657341002,14.402542372881356,0.007727948247401091
958,333.0,0.15763189134459038,22.744744744744743,0.027683739888552515
959,112.0,0.28061032771478306,19.821428571428573,0.06263004139822888
960,163.0,0.13657600789881846,8.429447852760736,0.008907676965267312
961,682.0,0.07044740976792052,9.932551319648093,0.004271279314437753
962,482.0,0.1519943159715863,29.57676348547718,0.025111001026133402
963,578.0,0.06263934972860555,6.539792387543253,0.0032740671283980312
964,870.0,0.056724034693583836,8.259770114942528,0.002987900255426016
965,537.0,0.16429136851837778,39.121042830540034,0.02824887133744531
966,137.0,0.3074316502249374,28.67153284671533,0.03791051864037258
967,558.0,0.16172532903703132,39.17562724014337,0.029529565447859694
968,258.0,0.23254544464467042,33.8062015503876,0.05979467888747795
969,907.0,0.0752749893586499,15.523704520396914,0.006021795612617224
970,533.0,0.11250909041773767,19.433395872420263,0.013458500080804547
971,776.0,0.06719454114722491,10.3659793814433,0.00426496173073366
972,352.0,0.08534984655299467,7.232954545454546,0.0036499022411316797
973,503.0,0.08170685971162453,9.41948310139165,0.0050650468268502846
974,520.0,0.1550440390250541,34.33846153846154,0.026615568395221372
975,428.0,0.150212416907901,26.574766355140188,0.026244552861811977
976,678.0,0.10169779155835781,20.47787610619469,0.011056151007622944
977,729.0,0.08049490302978414,13.838134430727024,0.005958802449545873
978,408.0,0.12489701283472646,17.83823529411765,0.01651482080313727
979,989.0,0.10918988807516972,32.94438827098079,0.013273872262178497
980,740.0,0.07170277828108057,11.216216216216216,0.004676104745751502
981,476.0,0.11795693539284294,18.819327731092436,0.01463586374186101
982,816.0,0.1152329442212667,30.149509803921568,0.014202192889425602
983,321.0,0.2232521098028057,41.1588785046729,0.05573519648082378
984,903.0,0.09156149409944,22.095238095238095,0.009652410768954255
985,102.0,0.2317559692762415,13.196078431372548,0.04386716728265079
986,683.0,0.11948309941163515,28.717423133235723,0.018155227336755897
987,122.0,0.24322495734227179,18.229508196721312,0.0514726173332148
988,759.0,0.08690391834985814,16.998682476943348,0.007813106048210896
989,865.0,0.052998730595144324,7.2485549132947975,0.002031487347604611
990,832.0,0.12776554591674938,38.75721153846154,0.020395317748115437
991,149.0,0.2331719715676407,19.825503355704697,0.058011874819927735
992,879.0,0.07812697239951988,15.631399317406144,0.00604563127001181
993,280.0,0.2067006050780162,29.892857142857142,0.0487912426554587
994,745.0,0.13358280159654887,36.198657718120806,0.020002253349040523
995,358.0,0.13785869427284028,18.77094972067039,0.02328475213308385
996,249.0,0.22874752823272593,31.220883534136547,0.05587876856188782
997,487.0,0.1283604154529419,21.987679671457904,0.01752370282616723
998,401.0,0.16692809153542715,30.508728179551124,0.03249067490566657
999,911.0,0.07961886251793368,16.911086717892427,0.006650814120083615
