,size,avg,pr,slope,interaction
0,500,6.0,0.0,0.00801515388169034,random
1,500,6.0,0.0,0.008544078911498559,ordered
2,500,6.0,0.0,0.007876199883359677,degree
3,500,6.0,0.0,0.008668145804495273,distance
4,500,6.0,0.1,0.049095663116164645,random
5,500,6.0,0.1,0.05805243258075014,ordered
6,500,6.0,0.1,0.05156054479043302,degree
7,500,6.0,0.1,0.0625279298508892,distance
8,500,6.0,0.2,0.09234592297459461,random
9,500,6.0,0.2,0.09990064320436812,ordered
10,500,6.0,0.2,0.09516705464712415,degree
11,500,6.0,0.2,0.10708761968150318,distance
12,500,6.0,0.30000000000000004,0.1322690780611117,random
13,500,6.0,0.30000000000000004,0.1559285949617802,ordered
14,500,6.0,0.30000000000000004,0.13897054936625347,degree
15,500,6.0,0.30000000000000004,0.1589354271544393,distance
16,500,6.0,0.4,0.1791329177436271,random
17,500,6.0,0.4,0.21568037411402155,ordered
18,500,6.0,0.4,0.18855429963979647,degree
19,500,6.0,0.4,0.19965015676137904,distance
20,500,6.0,0.5,0.20289539811779425,random
21,500,6.0,0.5,0.23422823602089954,ordered
22,500,6.0,0.5,0.2024953117536643,degree
23,500,6.0,0.5,0.20833205006951355,distance
24,500,6.0,0.0,0.008386932141294209,random
25,500,6.0,0.0,0.007762962134338166,ordered
26,500,6.0,0.0,0.008974481260578012,degree
27,500,6.0,0.0,0.008145458394621833,distance
28,500,6.0,0.1,0.047246164382075476,random
29,500,6.0,0.1,0.05326137515967568,ordered
30,500,6.0,0.1,0.05080383347312486,degree
31,500,6.0,0.1,0.057923651359279585,distance
32,500,6.0,0.2,0.07906651179859521,random
33,500,6.0,0.2,0.09344254249383947,ordered
34,500,6.0,0.2,0.08123429487300517,degree
35,500,6.0,0.2,0.0964919184827299,distance
36,500,6.0,0.30000000000000004,0.13313325628806147,random
37,500,6.0,0.30000000000000004,0.14865505138821522,ordered
38,500,6.0,0.30000000000000004,0.1340835588676213,degree
39,500,6.0,0.30000000000000004,0.1522858531516042,distance
40,500,6.0,0.4,0.17667645609337343,random
41,500,6.0,0.4,0.212039432328122,ordered
42,500,6.0,0.4,0.17968850464209712,degree
43,500,6.0,0.4,0.1960827411858406,distance
44,500,6.0,0.5,0.21041318846975723,random
45,500,6.0,0.5,0.24278566292542997,ordered
46,500,6.0,0.5,0.20162686801856475,degree
47,500,6.0,0.5,0.21367157927082228,distance
48,500,8.0,0.0,0.008310303004206866,random
49,500,8.0,0.0,0.008173310257193755,ordered
50,500,8.0,0.0,0.00861257753978019,degree
51,500,8.0,0.0,0.0085104402177411,distance
52,500,8.0,0.1,0.052868745041057354,random
53,500,8.0,0.1,0.06233580501525934,ordered
54,500,8.0,0.1,0.05456756508120364,degree
55,500,8.0,0.1,0.08371427885134886,distance
56,500,8.0,0.2,0.11720315844405427,random
57,500,8.0,0.2,0.13369361846025987,ordered
58,500,8.0,0.2,0.11938599364184435,degree
59,500,8.0,0.2,0.1602128937064574,distance
60,500,8.0,0.30000000000000004,0.17180786829928238,random
61,500,8.0,0.30000000000000004,0.18773551377222478,ordered
62,500,8.0,0.30000000000000004,0.16425852304610689,degree
63,500,8.0,0.30000000000000004,0.20533196474546891,distance
64,500,8.0,0.4,0.22715883462144865,random
65,500,8.0,0.4,0.26757169615445775,ordered
66,500,8.0,0.4,0.2297245663827932,degree
67,500,8.0,0.4,0.2655554416280362,distance
68,500,8.0,0.5,0.2669826412597801,random
69,500,8.0,0.5,0.3037927013557774,ordered
70,500,8.0,0.5,0.26525992112705765,degree
71,500,8.0,0.5,0.2790943937668026,distance
72,500,8.0,0.0,0.0069288090374850925,random
73,500,8.0,0.0,0.00930832239619878,ordered
74,500,8.0,0.0,0.00830709084223209,degree
75,500,8.0,0.0,0.009006108968363236,distance
76,500,8.0,0.1,0.061098817498597524,random
77,500,8.0,0.1,0.0647734664986175,ordered
78,500,8.0,0.1,0.062105143070877944,degree
79,500,8.0,0.1,0.08529771710013553,distance
80,500,8.0,0.2,0.11916226394753296,random
81,500,8.0,0.2,0.1321419001763958,ordered
82,500,8.0,0.2,0.11728971439405464,degree
83,500,8.0,0.2,0.16235297254879355,distance
84,500,8.0,0.30000000000000004,0.1855807874686307,random
85,500,8.0,0.30000000000000004,0.20747649426927645,ordered
86,500,8.0,0.30000000000000004,0.1874304400572463,degree
87,500,8.0,0.30000000000000004,0.2300895288425396,distance
88,500,8.0,0.4,0.22539696584312469,random
89,500,8.0,0.4,0.26146123794902104,ordered
90,500,8.0,0.4,0.22885220682337884,degree
91,500,8.0,0.4,0.25721132335893854,distance
92,500,8.0,0.5,0.26866720454113324,random
93,500,8.0,0.5,0.30508354192801673,ordered
94,500,8.0,0.5,0.25694583189186065,degree
95,500,8.0,0.5,0.28391646016624317,distance
96,500,10.0,0.0,0.009061261409550391,random
97,500,10.0,0.0,0.00870115113490081,ordered
98,500,10.0,0.0,0.00916270792927323,degree
99,500,10.0,0.0,0.009050680835450178,distance
100,500,10.0,0.1,0.06505365113446747,random
101,500,10.0,0.1,0.06957107338265422,ordered
102,500,10.0,0.1,0.0691988717797412,degree
103,500,10.0,0.1,0.11191121010246308,distance
104,500,10.0,0.2,0.1290622620387278,random
105,500,10.0,0.2,0.14897603433554707,ordered
106,500,10.0,0.2,0.13928547615404344,degree
107,500,10.0,0.2,0.19556134549536236,distance
108,500,10.0,0.30000000000000004,0.18040393880474057,random
109,500,10.0,0.30000000000000004,0.20419802512694996,ordered
110,500,10.0,0.30000000000000004,0.19451237038127617,degree
111,500,10.0,0.30000000000000004,0.25257063484576003,distance
112,500,10.0,0.4,0.27146950574479345,random
113,500,10.0,0.4,0.30273964927678837,ordered
114,500,10.0,0.4,0.26866059575839385,degree
115,500,10.0,0.4,0.31538838229567706,distance
116,500,10.0,0.5,0.2943915459835835,random
117,500,10.0,0.5,0.3384379553804915,ordered
118,500,10.0,0.5,0.29101057920649287,degree
119,500,10.0,0.5,0.33178368400684033,distance
120,500,10.0,0.0,0.007841197257546048,random
121,500,10.0,0.0,0.009333058462472399,ordered
122,500,10.0,0.0,0.007208592542417373,degree
123,500,10.0,0.0,0.009525338888666553,distance
124,500,10.0,0.1,0.0635489096880096,random
125,500,10.0,0.1,0.06482933472026535,ordered
126,500,10.0,0.1,0.06129896008824672,degree
127,500,10.0,0.1,0.09621009110180481,distance
128,500,10.0,0.2,0.14657961951876916,random
129,500,10.0,0.2,0.16301062889574014,ordered
130,500,10.0,0.2,0.1499543039173945,degree
131,500,10.0,0.2,0.21333538752828388,distance
132,500,10.0,0.30000000000000004,0.20144721829881546,random
133,500,10.0,0.30000000000000004,0.22710523645518443,ordered
134,500,10.0,0.30000000000000004,0.2044117735638761,degree
135,500,10.0,0.30000000000000004,0.2595379174614624,distance
136,500,10.0,0.4,0.23914259964019066,random
137,500,10.0,0.4,0.2678438615001667,ordered
138,500,10.0,0.4,0.2509300002378868,degree
139,500,10.0,0.4,0.30093562812123265,distance
140,500,10.0,0.5,0.3091159449947146,random
141,500,10.0,0.5,0.35499818058690635,ordered
142,500,10.0,0.5,0.31500009388477157,degree
143,500,10.0,0.5,0.34282622056132295,distance
144,500,12.0,0.0,0.00735591922851201,random
145,500,12.0,0.0,0.009121770403545627,ordered
146,500,12.0,0.0,0.00896553944827201,degree
147,500,12.0,0.0,0.008817575133256742,distance
148,500,12.0,0.1,0.08022904018777749,random
149,500,12.0,0.1,0.09115564534073597,ordered
150,500,12.0,0.1,0.08454798952216949,degree
151,500,12.0,0.1,0.15592431995968956,distance
152,500,12.0,0.2,0.1373659237503629,random
153,500,12.0,0.2,0.1529846422927397,ordered
154,500,12.0,0.2,0.14431309271162646,degree
155,500,12.0,0.2,0.22710839469564723,distance
156,500,12.0,0.30000000000000004,0.219185455950417,random
157,500,12.0,0.30000000000000004,0.24080709693694255,ordered
158,500,12.0,0.30000000000000004,0.2200425810777899,degree
159,500,12.0,0.30000000000000004,0.29360335286988304,distance
160,500,12.0,0.4,0.287725354699946,random
161,500,12.0,0.4,0.31805042117425686,ordered
162,500,12.0,0.4,0.2864961759652973,degree
163,500,12.0,0.4,0.3529653447175275,distance
164,500,12.0,0.5,0.36112337748835677,random
165,500,12.0,0.5,0.40276144098723166,ordered
166,500,12.0,0.5,0.3538930992746231,degree
167,500,12.0,0.5,0.391377202868402,distance
168,500,12.0,0.0,0.00901255329731199,random
169,500,12.0,0.0,0.00903502860828347,ordered
170,500,12.0,0.0,0.010359501707852766,degree
171,500,12.0,0.0,0.008068324602716195,distance
172,500,12.0,0.1,0.07496630300276476,random
173,500,12.0,0.1,0.08645042525895723,ordered
174,500,12.0,0.1,0.07793584815671975,degree
175,500,12.0,0.1,0.14565713002191144,distance
176,500,12.0,0.2,0.15598096873549522,random
177,500,12.0,0.2,0.16630507118525778,ordered
178,500,12.0,0.2,0.15166527490420068,degree
179,500,12.0,0.2,0.2428278254498201,distance
180,500,12.0,0.30000000000000004,0.21771689025818525,random
181,500,12.0,0.30000000000000004,0.24550070052527156,ordered
182,500,12.0,0.30000000000000004,0.22262470212712762,degree
183,500,12.0,0.30000000000000004,0.30066553156053377,distance
184,500,12.0,0.4,0.297511655090825,random
185,500,12.0,0.4,0.33446754897721365,ordered
186,500,12.0,0.4,0.29606326332260374,degree
187,500,12.0,0.4,0.3539501682124523,distance
188,500,12.0,0.5,0.32633609633649646,random
189,500,12.0,0.5,0.37387339060020375,ordered
190,500,12.0,0.5,0.32924900599261997,degree
191,500,12.0,0.5,0.377723890616428,distance
192,500,14.0,0.0,0.007606258607007069,random
193,500,14.0,0.0,0.009302190622625921,ordered
194,500,14.0,0.0,0.009968983254143967,degree
195,500,14.0,0.0,0.007928244510344577,distance
196,500,14.0,0.1,0.0811025427693027,random
197,500,14.0,0.1,0.09134696502007181,ordered
198,500,14.0,0.1,0.08474856403005475,degree
199,500,14.0,0.1,0.16486054016917792,distance
200,500,14.0,0.2,0.1572732501736432,random
201,500,14.0,0.2,0.17231342021443158,ordered
202,500,14.0,0.2,0.1625299791338835,degree
203,500,14.0,0.2,0.2786329191710887,distance
204,500,14.0,0.30000000000000004,0.24448148838649802,random
205,500,14.0,0.30000000000000004,0.2654515137034505,ordered
206,500,14.0,0.30000000000000004,0.24503043049737233,degree
207,500,14.0,0.30000000000000004,0.3439776877921811,distance
208,500,14.0,0.4,0.3010570993265105,random
209,500,14.0,0.4,0.3386435226048661,ordered
210,500,14.0,0.4,0.2983483099226807,degree
211,500,14.0,0.4,0.37706016069825554,distance
212,500,14.0,0.5,0.3679500243346119,random
213,500,14.0,0.5,0.4131109455463607,ordered
214,500,14.0,0.5,0.36684134310399996,degree
215,500,14.0,0.5,0.40779455402054576,distance
216,500,14.0,0.0,0.010972336132121535,random
217,500,14.0,0.0,0.010021211123239393,ordered
218,500,14.0,0.0,0.009204732064054925,degree
219,500,14.0,0.0,0.011626948205064502,distance
220,500,14.0,0.1,0.084506108243346,random
221,500,14.0,0.1,0.08926248781807092,ordered
222,500,14.0,0.1,0.08784680244676255,degree
223,500,14.0,0.1,0.16810492320204198,distance
224,500,14.0,0.2,0.1550550531196887,random
225,500,14.0,0.2,0.17218277814417074,ordered
226,500,14.0,0.2,0.1580260786109551,degree
227,500,14.0,0.2,0.27216675865873075,distance
228,500,14.0,0.30000000000000004,0.24123282009008645,random
229,500,14.0,0.30000000000000004,0.2647573855071477,ordered
230,500,14.0,0.30000000000000004,0.23753995443679746,degree
231,500,14.0,0.30000000000000004,0.34171076718503035,distance
232,500,14.0,0.4,0.30756679176368784,random
233,500,14.0,0.4,0.3445062609502084,ordered
234,500,14.0,0.4,0.30734424063327015,degree
235,500,14.0,0.4,0.37610790355137913,distance
236,500,14.0,0.5,0.37539536581140615,random
237,500,14.0,0.5,0.43429405403426247,ordered
238,500,14.0,0.5,0.3811470607748589,degree
239,500,14.0,0.5,0.4162049769615591,distance
240,500,16.0,0.0,0.00970783927108577,random
241,500,16.0,0.0,0.009846388350781247,ordered
242,500,16.0,0.0,0.010483660861704158,degree
243,500,16.0,0.0,0.010694650565751408,distance
244,500,16.0,0.1,0.09225675572336925,random
245,500,16.0,0.1,0.09722292614573602,ordered
246,500,16.0,0.1,0.09284304165451397,degree
247,500,16.0,0.1,0.20138916922197456,distance
248,500,16.0,0.2,0.18023456849315805,random
249,500,16.0,0.2,0.191291273324713,ordered
250,500,16.0,0.2,0.17452254205011247,degree
251,500,16.0,0.2,0.28899547265360803,distance
252,500,16.0,0.30000000000000004,0.24381541282849165,random
253,500,16.0,0.30000000000000004,0.27198840880539155,ordered
254,500,16.0,0.30000000000000004,0.2484085393561771,degree
255,500,16.0,0.30000000000000004,0.36819694110209744,distance
256,500,16.0,0.4,0.3250128827783724,random
257,500,16.0,0.4,0.35414045827702134,ordered
258,500,16.0,0.4,0.31863404192280975,degree
259,500,16.0,0.4,0.4102331455159708,distance
260,500,16.0,0.5,0.3724896702100714,random
261,500,16.0,0.5,0.4113532616776808,ordered
262,500,16.0,0.5,0.37700786573187434,degree
263,500,16.0,0.5,0.4242267859094824,distance
264,500,16.0,0.0,0.011767230708257907,random
265,500,16.0,0.0,0.009267412158001021,ordered
266,500,16.0,0.0,0.011336549422470869,degree
267,500,16.0,0.0,0.011593712495545817,distance
268,500,16.0,0.1,0.10070677696020489,random
269,500,16.0,0.1,0.10214247753002755,ordered
270,500,16.0,0.1,0.09485382996483488,degree
271,500,16.0,0.1,0.20767599564710296,distance
272,500,16.0,0.2,0.1690836828566512,random
273,500,16.0,0.2,0.1748923384996593,ordered
274,500,16.0,0.2,0.1728591024320963,degree
275,500,16.0,0.2,0.31139136873561946,distance
276,500,16.0,0.30000000000000004,0.23598067640031184,random
277,500,16.0,0.30000000000000004,0.25517646503395397,ordered
278,500,16.0,0.30000000000000004,0.2372744982131249,degree
279,500,16.0,0.30000000000000004,0.35930567812024,distance
280,500,16.0,0.4,0.3161600378807133,random
281,500,16.0,0.4,0.35934425345912785,ordered
282,500,16.0,0.4,0.3222221394334014,degree
283,500,16.0,0.4,0.40364930995581244,distance
284,500,16.0,0.5,0.38524221142588755,random
285,500,16.0,0.5,0.42556097272897836,ordered
286,500,16.0,0.5,0.3854369577245432,degree
287,500,16.0,0.5,0.42594131103207794,distance
288,500,18.0,0.0,0.011247017580134456,random
289,500,18.0,0.0,0.011531726055555488,ordered
290,500,18.0,0.0,0.013591638353081161,degree
291,500,18.0,0.0,0.011645146773840638,distance
292,500,18.0,0.1,0.09175231810912704,random
293,500,18.0,0.1,0.10039418891931891,ordered
294,500,18.0,0.1,0.09619580274689292,degree
295,500,18.0,0.1,0.21884882186640442,distance
296,500,18.0,0.2,0.18430598547859972,random
297,500,18.0,0.2,0.19039035246446018,ordered
298,500,18.0,0.2,0.17786233021658363,degree
299,500,18.0,0.2,0.3297842735901404,distance
300,500,18.0,0.30000000000000004,0.25777119042111124,random
301,500,18.0,0.30000000000000004,0.27406856100270494,ordered
302,500,18.0,0.30000000000000004,0.25449718735338794,degree
303,500,18.0,0.30000000000000004,0.386492294183365,distance
304,500,18.0,0.4,0.33469349916058766,random
305,500,18.0,0.4,0.3534458256215996,ordered
306,500,18.0,0.4,0.32619591202709347,degree
307,500,18.0,0.4,0.4186232469208857,distance
308,500,18.0,0.5,0.39846121049870764,random
309,500,18.0,0.5,0.442547980622534,ordered
310,500,18.0,0.5,0.39594648374876973,degree
311,500,18.0,0.5,0.43797528446716755,distance
312,500,18.0,0.0,0.012146794380976423,random
313,500,18.0,0.0,0.010300770520990498,ordered
314,500,18.0,0.0,0.01106601939417221,degree
315,500,18.0,0.0,0.009686104665278101,distance
316,500,18.0,0.1,0.09515599392783233,random
317,500,18.0,0.1,0.10157417953818926,ordered
318,500,18.0,0.1,0.09465663433758247,degree
319,500,18.0,0.1,0.21922820920083796,distance
320,500,18.0,0.2,0.1598438996327835,random
321,500,18.0,0.2,0.16840978240172338,ordered
322,500,18.0,0.2,0.16467785163768045,degree
323,500,18.0,0.2,0.30400745535805074,distance
324,500,18.0,0.30000000000000004,0.2554985096948412,random
325,500,18.0,0.30000000000000004,0.27074532930267237,ordered
326,500,18.0,0.30000000000000004,0.2529204515094737,degree
327,500,18.0,0.30000000000000004,0.39206386669167526,distance
328,500,18.0,0.4,0.3317999279677443,random
329,500,18.0,0.4,0.3701308708029801,ordered
330,500,18.0,0.4,0.3327651603386324,degree
331,500,18.0,0.4,0.42270587857707315,distance
332,500,18.0,0.5,0.40522417314160053,random
333,500,18.0,0.5,0.43181675780019857,ordered
334,500,18.0,0.5,0.3910573981416943,degree
335,500,18.0,0.5,0.437598653290398,distance
336,500,20.0,0.0,0.011003176087920804,random
337,500,20.0,0.0,0.010172553337848151,ordered
338,500,20.0,0.0,0.008986964604522862,degree
339,500,20.0,0.0,0.00971677615578034,distance
340,500,20.0,0.1,0.09327017263366526,random
341,500,20.0,0.1,0.09565430492310598,ordered
342,500,20.0,0.1,0.09186980028049727,degree
343,500,20.0,0.1,0.21360564959194234,distance
344,500,20.0,0.2,0.1788438233634428,random
345,500,20.0,0.2,0.19280587919077974,ordered
346,500,20.0,0.2,0.1795642234206162,degree
347,500,20.0,0.2,0.3560165362119068,distance
348,500,20.0,0.30000000000000004,0.2655025131947311,random
349,500,20.0,0.30000000000000004,0.2852158628819585,ordered
350,500,20.0,0.30000000000000004,0.26959999758499376,degree
351,500,20.0,0.30000000000000004,0.390132801976784,distance
352,500,20.0,0.4,0.34635631505817377,random
353,500,20.0,0.4,0.3593451264556406,ordered
354,500,20.0,0.4,0.34910019763054,degree
355,500,20.0,0.4,0.43480607072401245,distance
356,500,20.0,0.5,0.406988287200318,random
357,500,20.0,0.5,0.4467326670100418,ordered
358,500,20.0,0.5,0.40877242218428095,degree
359,500,20.0,0.5,0.4468532188811988,distance
360,500,20.0,0.0,0.012287860456270085,random
361,500,20.0,0.0,0.011350205323027324,ordered
362,500,20.0,0.0,0.010976978598169372,degree
363,500,20.0,0.0,0.013074444391953174,distance
364,500,20.0,0.1,0.09325287660405547,random
365,500,20.0,0.1,0.10337868931653951,ordered
366,500,20.0,0.1,0.09609025132281765,degree
367,500,20.0,0.1,0.21379562182291126,distance
368,500,20.0,0.2,0.1804985654406468,random
369,500,20.0,0.2,0.1900734818890411,ordered
370,500,20.0,0.2,0.18429260631201422,degree
371,500,20.0,0.2,0.34015939498847697,distance
372,500,20.0,0.30000000000000004,0.24804966675397586,random
373,500,20.0,0.30000000000000004,0.27881004336240994,ordered
374,500,20.0,0.30000000000000004,0.260149888570447,degree
375,500,20.0,0.30000000000000004,0.3981239868429144,distance
376,500,20.0,0.4,0.35211211429406974,random
377,500,20.0,0.4,0.3848891583496772,ordered
378,500,20.0,0.4,0.3540010592088653,degree
379,500,20.0,0.4,0.43261283539188017,distance
380,500,20.0,0.5,0.39771782424783386,random
381,500,20.0,0.5,0.4380423078779779,ordered
382,500,20.0,0.5,0.39673529686526254,degree
383,500,20.0,0.5,0.4468200107875499,distance
384,500,22.0,0.0,0.011152881144974326,random
385,500,22.0,0.0,0.015304449152701152,ordered
386,500,22.0,0.0,0.012231143413130535,degree
387,500,22.0,0.0,0.011341417094751335,distance
388,500,22.0,0.1,0.10524145549773327,random
389,500,22.0,0.1,0.11222535211330183,ordered
390,500,22.0,0.1,0.11117472349645152,degree
391,500,22.0,0.1,0.279520462494833,distance
392,500,22.0,0.2,0.1839131161480104,random
393,500,22.0,0.2,0.19749378611006382,ordered
394,500,22.0,0.2,0.19302945098166086,degree
395,500,22.0,0.2,0.35982127543046283,distance
396,500,22.0,0.30000000000000004,0.27574609146311996,random
397,500,22.0,0.30000000000000004,0.2962666602629479,ordered
398,500,22.0,0.30000000000000004,0.2753960318644979,degree
399,500,22.0,0.30000000000000004,0.4169257408679489,distance
400,500,22.0,0.4,0.3638138390034406,random
401,500,22.0,0.4,0.38692503556366603,ordered
402,500,22.0,0.4,0.35621384183512206,degree
403,500,22.0,0.4,0.43170918387841767,distance
404,500,22.0,0.5,0.43577062513105436,random
405,500,22.0,0.5,0.4679665763114455,ordered
406,500,22.0,0.5,0.4301701546339152,degree
407,500,22.0,0.5,0.4491285691879477,distance
408,500,22.0,0.0,0.015101094301506534,random
409,500,22.0,0.0,0.01203495490388724,ordered
410,500,22.0,0.0,0.01042635532230735,degree
411,500,22.0,0.0,0.014642035526571196,distance
412,500,22.0,0.1,0.09756029068979871,random
413,500,22.0,0.1,0.10568229636203721,ordered
414,500,22.0,0.1,0.10552406017861453,degree
415,500,22.0,0.1,0.245360744315647,distance
416,500,22.0,0.2,0.19075983759313697,random
417,500,22.0,0.2,0.19230932044265886,ordered
418,500,22.0,0.2,0.18938040722689772,degree
419,500,22.0,0.2,0.3660626766187839,distance
420,500,22.0,0.30000000000000004,0.26307779294082306,random
421,500,22.0,0.30000000000000004,0.27885043276726484,ordered
422,500,22.0,0.30000000000000004,0.25916482002321234,degree
423,500,22.0,0.30000000000000004,0.40767175995507143,distance
424,500,22.0,0.4,0.35870879081829254,random
425,500,22.0,0.4,0.38828846788630444,ordered
426,500,22.0,0.4,0.358887182933006,degree
427,500,22.0,0.4,0.4487343067387809,distance
428,500,22.0,0.5,0.42603210599362223,random
429,500,22.0,0.5,0.45092204137282693,ordered
430,500,22.0,0.5,0.41980739864395555,degree
431,500,22.0,0.5,0.4533744370729648,distance
432,500,24.0,0.0,0.013986781380284957,random
433,500,24.0,0.0,0.012088000795436699,ordered
434,500,24.0,0.0,0.011751723655723332,degree
435,500,24.0,0.0,0.013240091395302684,distance
436,500,24.0,0.1,0.11034341528132396,random
437,500,24.0,0.1,0.11495675779548538,ordered
438,500,24.0,0.1,0.10962042733458026,degree
439,500,24.0,0.1,0.2823940307684817,distance
440,500,24.0,0.2,0.18669869253412547,random
441,500,24.0,0.2,0.2027351647888192,ordered
442,500,24.0,0.2,0.19230746913602317,degree
443,500,24.0,0.2,0.3846441964310331,distance
444,500,24.0,0.30000000000000004,0.2803703088420535,random
445,500,24.0,0.30000000000000004,0.3006036861682821,ordered
446,500,24.0,0.30000000000000004,0.28607767116683774,degree
447,500,24.0,0.30000000000000004,0.42059143056158976,distance
448,500,24.0,0.4,0.3692740054090521,random
449,500,24.0,0.4,0.3988107672606807,ordered
450,500,24.0,0.4,0.36270165648453656,degree
451,500,24.0,0.4,0.44915598195556755,distance
452,500,24.0,0.5,0.4229449822538015,random
453,500,24.0,0.5,0.461777919441759,ordered
454,500,24.0,0.5,0.42356171138474785,degree
455,500,24.0,0.5,0.46508474179404635,distance
456,500,24.0,0.0,0.013156807690285233,random
457,500,24.0,0.0,0.014961503101687774,ordered
458,500,24.0,0.0,0.01212654489572866,degree
459,500,24.0,0.0,0.014374416149832208,distance
460,500,24.0,0.1,0.10754192877612034,random
461,500,24.0,0.1,0.11254476088234626,ordered
462,500,24.0,0.1,0.10196196935988604,degree
463,500,24.0,0.1,0.2808054102399369,distance
464,500,24.0,0.2,0.1941865644277533,random
465,500,24.0,0.2,0.20415996630463878,ordered
466,500,24.0,0.2,0.19098097072368223,degree
467,500,24.0,0.2,0.37917529960034796,distance
468,500,24.0,0.30000000000000004,0.2694236264853138,random
469,500,24.0,0.30000000000000004,0.2771924456984952,ordered
470,500,24.0,0.30000000000000004,0.26786758441698894,degree
471,500,24.0,0.30000000000000004,0.42347944228946527,distance
472,500,24.0,0.4,0.3593491598151029,random
473,500,24.0,0.4,0.3862455494421246,ordered
474,500,24.0,0.4,0.35964348819836695,degree
475,500,24.0,0.4,0.4509717813564283,distance
476,500,24.0,0.5,0.43055356693901164,random
477,500,24.0,0.5,0.46818681373033766,ordered
478,500,24.0,0.5,0.42618589229928566,degree
479,500,24.0,0.5,0.45554345197505786,distance
480,500,26.0,0.0,0.0144399425780746,random
481,500,26.0,0.0,0.015071004914115851,ordered
482,500,26.0,0.0,0.012144355654889616,degree
483,500,26.0,0.0,0.014219971465675468,distance
484,500,26.0,0.1,0.11096651093110306,random
485,500,26.0,0.1,0.11857970633277906,ordered
486,500,26.0,0.1,0.1137432613620916,degree
487,500,26.0,0.1,0.30958013236011306,distance
488,500,26.0,0.2,0.1937170612216402,random
489,500,26.0,0.2,0.20340297818122427,ordered
490,500,26.0,0.2,0.19686094539293142,degree
491,500,26.0,0.2,0.3889301709635459,distance
492,500,26.0,0.30000000000000004,0.2917233892491092,random
493,500,26.0,0.30000000000000004,0.31270502128644284,ordered
494,500,26.0,0.30000000000000004,0.29289134855602805,degree
495,500,26.0,0.30000000000000004,0.4367134070291863,distance
496,500,26.0,0.4,0.3728981781322306,random
497,500,26.0,0.4,0.4014438785688073,ordered
498,500,26.0,0.4,0.37688028994612094,degree
499,500,26.0,0.4,0.4458599656451396,distance
500,500,26.0,0.5,0.43737412855680013,random
501,500,26.0,0.5,0.4659576874298157,ordered
502,500,26.0,0.5,0.4341005447704678,degree
503,500,26.0,0.5,0.46833428639936103,distance
504,500,26.0,0.0,0.015101955975825984,random
505,500,26.0,0.0,0.014497701447598568,ordered
506,500,26.0,0.0,0.011491067851154719,degree
507,500,26.0,0.0,0.011592521875570623,distance
508,500,26.0,0.1,0.10662448043764013,random
509,500,26.0,0.1,0.11225425419267807,ordered
510,500,26.0,0.1,0.10960879516446291,degree
511,500,26.0,0.1,0.2971349970095615,distance
512,500,26.0,0.2,0.1937949368077218,random
513,500,26.0,0.2,0.2072205855558383,ordered
514,500,26.0,0.2,0.19163834914449024,degree
515,500,26.0,0.2,0.3853652421125747,distance
516,500,26.0,0.30000000000000004,0.27927451381675267,random
517,500,26.0,0.30000000000000004,0.302974269311781,ordered
518,500,26.0,0.30000000000000004,0.2854222875646202,degree
519,500,26.0,0.30000000000000004,0.4300093400638902,distance
520,500,26.0,0.4,0.3640036581046338,random
521,500,26.0,0.4,0.4029799894302929,ordered
522,500,26.0,0.4,0.37394674599383276,degree
523,500,26.0,0.4,0.4501583988332616,distance
524,500,26.0,0.5,0.4441075409254534,random
525,500,26.0,0.5,0.4675175777714027,ordered
526,500,26.0,0.5,0.44270157850773817,degree
527,500,26.0,0.5,0.4607865435775246,distance
528,500,28.0,0.0,0.01471680863780995,random
529,500,28.0,0.0,0.011575277918872667,ordered
530,500,28.0,0.0,0.014270640986562852,degree
531,500,28.0,0.0,0.014703412531643001,distance
532,500,28.0,0.1,0.10504621459638468,random
533,500,28.0,0.1,0.10673345094572473,ordered
534,500,28.0,0.1,0.10395331448757701,degree
535,500,28.0,0.1,0.2984250200549813,distance
536,500,28.0,0.2,0.20098438510007582,random
537,500,28.0,0.2,0.2113020152154125,ordered
538,500,28.0,0.2,0.20866134600994735,degree
539,500,28.0,0.2,0.40188331197467164,distance
540,500,28.0,0.30000000000000004,0.28792077920817477,random
541,500,28.0,0.30000000000000004,0.30061529176778606,ordered
542,500,28.0,0.30000000000000004,0.29008119088151263,degree
543,500,28.0,0.30000000000000004,0.43804732131671303,distance
544,500,28.0,0.4,0.38524682914920694,random
545,500,28.0,0.4,0.40920587517878404,ordered
546,500,28.0,0.4,0.38127820724299893,degree
547,500,28.0,0.4,0.44748337656727905,distance
548,500,28.0,0.5,0.44761967561801885,random
549,500,28.0,0.5,0.47855785881598073,ordered
550,500,28.0,0.5,0.44939486343100477,degree
551,500,28.0,0.5,0.460318447712848,distance
552,500,28.0,0.0,0.016446250216167857,random
553,500,28.0,0.0,0.0123172933229096,ordered
554,500,28.0,0.0,0.01333509753169943,degree
555,500,28.0,0.0,0.015864460613897926,distance
556,500,28.0,0.1,0.11113927214986234,random
557,500,28.0,0.1,0.11319418232621384,ordered
558,500,28.0,0.1,0.10747768791386955,degree
559,500,28.0,0.1,0.3023890527223344,distance
560,500,28.0,0.2,0.1975651091575746,random
561,500,28.0,0.2,0.2049286043322871,ordered
562,500,28.0,0.2,0.1961151502776281,degree
563,500,28.0,0.2,0.4038801827387199,distance
564,500,28.0,0.30000000000000004,0.28258571573787383,random
565,500,28.0,0.30000000000000004,0.29181941004688394,ordered
566,500,28.0,0.30000000000000004,0.28084280175023574,degree
567,500,28.0,0.30000000000000004,0.43220394689850006,distance
568,500,28.0,0.4,0.37818097365628955,random
569,500,28.0,0.4,0.40009924397549634,ordered
570,500,28.0,0.4,0.3862375307699304,degree
571,500,28.0,0.4,0.449788603480899,distance
572,500,28.0,0.5,0.4544541192131663,random
573,500,28.0,0.5,0.47916980227324596,ordered
574,500,28.0,0.5,0.4580179818656168,degree
575,500,28.0,0.5,0.46761579434605605,distance
576,500,30.0,0.0,0.01662590217933651,random
577,500,30.0,0.0,0.014704757413072278,ordered
578,500,30.0,0.0,0.01770237982056708,degree
579,500,30.0,0.0,0.015844347701157897,distance
580,500,30.0,0.1,0.10984685778397722,random
581,500,30.0,0.1,0.1095829315987255,ordered
582,500,30.0,0.1,0.10672848834259388,degree
583,500,30.0,0.1,0.3293366959095269,distance
584,500,30.0,0.2,0.20429668602604695,random
585,500,30.0,0.2,0.21950169225387203,ordered
586,500,30.0,0.2,0.21091926408733172,degree
587,500,30.0,0.2,0.4113003201748633,distance
588,500,30.0,0.30000000000000004,0.2894003641247016,random
589,500,30.0,0.30000000000000004,0.3080782150296289,ordered
590,500,30.0,0.30000000000000004,0.29042658056505277,degree
591,500,30.0,0.30000000000000004,0.4440120645271982,distance
592,500,30.0,0.4,0.38439301285635874,random
593,500,30.0,0.4,0.39923651350336126,ordered
594,500,30.0,0.4,0.38041645690044207,degree
595,500,30.0,0.4,0.4606608921785737,distance
596,500,30.0,0.5,0.4531642909603296,random
597,500,30.0,0.5,0.47125999952501285,ordered
598,500,30.0,0.5,0.4512922683737625,degree
599,500,30.0,0.5,0.46463434564200856,distance
600,500,30.0,0.0,0.011952876358818759,random
601,500,30.0,0.0,0.011728263650749882,ordered
602,500,30.0,0.0,0.014835993035477854,degree
603,500,30.0,0.0,0.014674877267338585,distance
604,500,30.0,0.1,0.10243753852224072,random
605,500,30.0,0.1,0.10464164726881504,ordered
606,500,30.0,0.1,0.10507174080439749,degree
607,500,30.0,0.1,0.31475301112948073,distance
608,500,30.0,0.2,0.20873922800251873,random
609,500,30.0,0.2,0.21823014557599918,ordered
610,500,30.0,0.2,0.21490189921664013,degree
611,500,30.0,0.2,0.41440769107263453,distance
612,500,30.0,0.30000000000000004,0.2978564646469404,random
613,500,30.0,0.30000000000000004,0.31329633088848136,ordered
614,500,30.0,0.30000000000000004,0.30881756297295954,degree
615,500,30.0,0.30000000000000004,0.44278199755821246,distance
616,500,30.0,0.4,0.3886788712414015,random
617,500,30.0,0.4,0.41493681593105053,ordered
618,500,30.0,0.4,0.3839964131443597,degree
619,500,30.0,0.4,0.46345616040469134,distance
620,500,30.0,0.5,0.4501616412110094,random
621,500,30.0,0.5,0.4722815210344022,ordered
622,500,30.0,0.5,0.45198695239466036,degree
623,500,30.0,0.5,0.46448968857656314,distance
624,500,32.0,0.0,0.014953313850390013,random
625,500,32.0,0.0,0.017430744156343415,ordered
626,500,32.0,0.0,0.015933971625768657,degree
627,500,32.0,0.0,0.01724517839040086,distance
628,500,32.0,0.1,0.10992825035819923,random
629,500,32.0,0.1,0.10873524516917923,ordered
630,500,32.0,0.1,0.1096804099957069,degree
631,500,32.0,0.1,0.33614164476321134,distance
632,500,32.0,0.2,0.21327511338894428,random
633,500,32.0,0.2,0.22062218985954832,ordered
634,500,32.0,0.2,0.21177410034817137,degree
635,500,32.0,0.2,0.41505953378617655,distance
636,500,32.0,0.30000000000000004,0.2996090732065614,random
637,500,32.0,0.30000000000000004,0.3151122056861846,ordered
638,500,32.0,0.30000000000000004,0.30216042773764024,degree
639,500,32.0,0.30000000000000004,0.443161861463373,distance
640,500,32.0,0.4,0.38408830991860704,random
641,500,32.0,0.4,0.4041747685694624,ordered
642,500,32.0,0.4,0.3827101408482408,degree
643,500,32.0,0.4,0.45336638515291183,distance
644,500,32.0,0.5,0.4578123897071829,random
645,500,32.0,0.5,0.4805973424093117,ordered
646,500,32.0,0.5,0.4506320635354168,degree
647,500,32.0,0.5,0.4743037625738188,distance
648,500,32.0,0.0,0.01695882541734185,random
649,500,32.0,0.0,0.014461889638470954,ordered
650,500,32.0,0.0,0.017076324156307603,degree
651,500,32.0,0.0,0.012896667047405214,distance
652,500,32.0,0.1,0.11388778216149757,random
653,500,32.0,0.1,0.1121870009864007,ordered
654,500,32.0,0.1,0.109410478351989,degree
655,500,32.0,0.1,0.34171432974954874,distance
656,500,32.0,0.2,0.19903905937406072,random
657,500,32.0,0.2,0.21434406681318272,ordered
658,500,32.0,0.2,0.21007625612809586,degree
659,500,32.0,0.2,0.41856745719802707,distance
660,500,32.0,0.30000000000000004,0.282789934615871,random
661,500,32.0,0.30000000000000004,0.2957238476646718,ordered
662,500,32.0,0.30000000000000004,0.2839903012357315,degree
663,500,32.0,0.30000000000000004,0.44609105264360827,distance
664,500,32.0,0.4,0.3986703403780619,random
665,500,32.0,0.4,0.4264705304961477,ordered
666,500,32.0,0.4,0.399065601878609,degree
667,500,32.0,0.4,0.46380360489219646,distance
668,500,32.0,0.5,0.4689615922660348,random
669,500,32.0,0.5,0.4749151111208321,ordered
670,500,32.0,0.5,0.464371208791706,degree
671,500,32.0,0.5,0.46535732366627747,distance
672,500,34.0,0.0,0.01757892345200165,random
673,500,34.0,0.0,0.016816299585086965,ordered
674,500,34.0,0.0,0.01573391055843674,degree
675,500,34.0,0.0,0.01208600242793999,distance
676,500,34.0,0.1,0.1152256805620198,random
677,500,34.0,0.1,0.11063673859078309,ordered
678,500,34.0,0.1,0.11291151829452681,degree
679,500,34.0,0.1,0.3502803416968704,distance
680,500,34.0,0.2,0.20845795646227033,random
681,500,34.0,0.2,0.21658974404623396,ordered
682,500,34.0,0.2,0.21132170601647013,degree
683,500,34.0,0.2,0.4249301485713845,distance
684,500,34.0,0.30000000000000004,0.3004605560687096,random
685,500,34.0,0.30000000000000004,0.3082953793918882,ordered
686,500,34.0,0.30000000000000004,0.29521059271073896,degree
687,500,34.0,0.30000000000000004,0.4509448272622886,distance
688,500,34.0,0.4,0.3923070103197831,random
689,500,34.0,0.4,0.4057921092000652,ordered
690,500,34.0,0.4,0.38949632156253755,degree
691,500,34.0,0.4,0.46231929683101436,distance
692,500,34.0,0.5,0.471484427888231,random
693,500,34.0,0.5,0.485840227009614,ordered
694,500,34.0,0.5,0.44782715344012347,degree
695,500,34.0,0.5,0.4755687069467144,distance
696,500,34.0,0.0,0.013150176559358216,random
697,500,34.0,0.0,0.018388508036295704,ordered
698,500,34.0,0.0,0.013405259551290608,degree
699,500,34.0,0.0,0.016171533161607916,distance
700,500,34.0,0.1,0.11229296309349075,random
701,500,34.0,0.1,0.12051938008643444,ordered
702,500,34.0,0.1,0.11979487363962546,degree
703,500,34.0,0.1,0.3596490011491156,distance
704,500,34.0,0.2,0.20842605754653984,random
705,500,34.0,0.2,0.21552968899098013,ordered
706,500,34.0,0.2,0.20378257809598557,degree
707,500,34.0,0.2,0.4245312770621693,distance
708,500,34.0,0.30000000000000004,0.30305541818420256,random
709,500,34.0,0.30000000000000004,0.3234240668470794,ordered
710,500,34.0,0.30000000000000004,0.3110494688509996,degree
711,500,34.0,0.30000000000000004,0.44513235131540174,distance
712,500,34.0,0.4,0.3945945716247969,random
713,500,34.0,0.4,0.4120849962271101,ordered
714,500,34.0,0.4,0.389889297831635,degree
715,500,34.0,0.4,0.4605339605424203,distance
716,500,34.0,0.5,0.4593546121994456,random
717,500,34.0,0.5,0.47900644055791464,ordered
718,500,34.0,0.5,0.4540272168447218,degree
719,500,34.0,0.5,0.47479405877628755,distance
720,500,36.0,0.0,0.014532100161966646,random
721,500,36.0,0.0,0.015781301004407413,ordered
722,500,36.0,0.0,0.013585971552479006,degree
723,500,36.0,0.0,0.015848373802886652,distance
724,500,36.0,0.1,0.11842665609693967,random
725,500,36.0,0.1,0.11623187687736283,ordered
726,500,36.0,0.1,0.11506853793826417,degree
727,500,36.0,0.1,0.3743797144693388,distance
728,500,36.0,0.2,0.22007714468615727,random
729,500,36.0,0.2,0.22226953159199864,ordered
730,500,36.0,0.2,0.22038614436884804,degree
731,500,36.0,0.2,0.4329273563903168,distance
732,500,36.0,0.30000000000000004,0.3114274438064543,random
733,500,36.0,0.30000000000000004,0.320016175627005,ordered
734,500,36.0,0.30000000000000004,0.30246795054310177,degree
735,500,36.0,0.30000000000000004,0.4571453112261474,distance
736,500,36.0,0.4,0.39529428684801304,random
737,500,36.0,0.4,0.42330943458881737,ordered
738,500,36.0,0.4,0.40310300034417323,degree
739,500,36.0,0.4,0.4673139945766588,distance
740,500,36.0,0.5,0.4613929513595396,random
741,500,36.0,0.5,0.48025822912944294,ordered
742,500,36.0,0.5,0.4635529145112497,degree
743,500,36.0,0.5,0.4762088240083965,distance
744,500,36.0,0.0,0.011835672046615408,random
745,500,36.0,0.0,0.01647916261015509,ordered
746,500,36.0,0.0,0.014614151450643037,degree
747,500,36.0,0.0,0.015405091624088391,distance
748,500,36.0,0.1,0.11479901670849138,random
749,500,36.0,0.1,0.11762125499795217,ordered
750,500,36.0,0.1,0.11308013576517531,degree
751,500,36.0,0.1,0.3619618381743416,distance
752,500,36.0,0.2,0.20458712030514747,random
753,500,36.0,0.2,0.21005042440072255,ordered
754,500,36.0,0.2,0.20215436516328414,degree
755,500,36.0,0.2,0.42547078632653834,distance
756,500,36.0,0.30000000000000004,0.30084173230915845,random
757,500,36.0,0.30000000000000004,0.32278323459629965,ordered
758,500,36.0,0.30000000000000004,0.30389503677626023,degree
759,500,36.0,0.30000000000000004,0.45438324002847813,distance
760,500,36.0,0.4,0.40603221205577655,random
761,500,36.0,0.4,0.4221222905526466,ordered
762,500,36.0,0.4,0.4034911302607894,degree
763,500,36.0,0.4,0.4673032607856917,distance
764,500,36.0,0.5,0.46980169613024164,random
765,500,36.0,0.5,0.48725256619695106,ordered
766,500,36.0,0.5,0.4595158315501636,degree
767,500,36.0,0.5,0.4790077956188458,distance
768,500,38.0,0.0,0.018245731874879732,random
769,500,38.0,0.0,0.014949227856166161,ordered
770,500,38.0,0.0,0.021056673172420007,degree
771,500,38.0,0.0,0.014436772454158062,distance
772,500,38.0,0.1,0.10716939488191612,random
773,500,38.0,0.1,0.11475583910246315,ordered
774,500,38.0,0.1,0.1134099214478399,degree
775,500,38.0,0.1,0.36537146721971536,distance
776,500,38.0,0.2,0.21595195751406143,random
777,500,38.0,0.2,0.22372259578033676,ordered
778,500,38.0,0.2,0.21312452094510137,degree
779,500,38.0,0.2,0.4325687805981504,distance
780,500,38.0,0.30000000000000004,0.30133091095528053,random
781,500,38.0,0.30000000000000004,0.31818930283693353,ordered
782,500,38.0,0.30000000000000004,0.3077343726842582,degree
783,500,38.0,0.30000000000000004,0.458111622781397,distance
784,500,38.0,0.4,0.4079361791392282,random
785,500,38.0,0.4,0.4218624454263221,ordered
786,500,38.0,0.4,0.40612159401488784,degree
787,500,38.0,0.4,0.4695241055404364,distance
788,500,38.0,0.5,0.4711482032289075,random
789,500,38.0,0.5,0.4900216852682265,ordered
790,500,38.0,0.5,0.46920817512976054,degree
791,500,38.0,0.5,0.4788232299886417,distance
792,500,38.0,0.0,0.01997810128175632,random
793,500,38.0,0.0,0.01550556660869368,ordered
794,500,38.0,0.0,0.013838201225737696,degree
795,500,38.0,0.0,0.014606993913517594,distance
796,500,38.0,0.1,0.11943295631278254,random
797,500,38.0,0.1,0.13088821259244426,ordered
798,500,38.0,0.1,0.13496685957765517,degree
799,500,38.0,0.1,0.3787091418172216,distance
800,500,38.0,0.2,0.21439765184130258,random
801,500,38.0,0.2,0.23409110978090228,ordered
802,500,38.0,0.2,0.21993789046582055,degree
803,500,38.0,0.2,0.4310591027517094,distance
804,500,38.0,0.30000000000000004,0.3133357735546135,random
805,500,38.0,0.30000000000000004,0.3241874678614649,ordered
806,500,38.0,0.30000000000000004,0.3076046149005932,degree
807,500,38.0,0.30000000000000004,0.46169130313707696,distance
808,500,38.0,0.4,0.4158111882680613,random
809,500,38.0,0.4,0.42943575470114154,ordered
810,500,38.0,0.4,0.41186435171592334,degree
811,500,38.0,0.4,0.47154039225627375,distance
812,500,38.0,0.5,0.47525271989885337,random
813,500,38.0,0.5,0.48080154631539396,ordered
814,500,38.0,0.5,0.46349213894572855,degree
815,500,38.0,0.5,0.4692823659171229,distance
816,500,40.0,0.0,0.02167520887606802,random
817,500,40.0,0.0,0.015387864113135192,ordered
818,500,40.0,0.0,0.017117125814605488,degree
819,500,40.0,0.0,0.017880181532690116,distance
820,500,40.0,0.1,0.11631771636041333,random
821,500,40.0,0.1,0.11445010211483635,ordered
822,500,40.0,0.1,0.1119724845225107,degree
823,500,40.0,0.1,0.37549807946421826,distance
824,500,40.0,0.2,0.22168172213487894,random
825,500,40.0,0.2,0.23412313461470338,ordered
826,500,40.0,0.2,0.22247206113247242,degree
827,500,40.0,0.2,0.43820039269080346,distance
828,500,40.0,0.30000000000000004,0.3270204057490796,random
829,500,40.0,0.30000000000000004,0.33093985759988376,ordered
830,500,40.0,0.30000000000000004,0.3135532668232417,degree
831,500,40.0,0.30000000000000004,0.4560143270295045,distance
832,500,40.0,0.4,0.3965454190958141,random
833,500,40.0,0.4,0.4066558738230498,ordered
834,500,40.0,0.4,0.39409120145602977,degree
835,500,40.0,0.4,0.47022518153863047,distance
836,500,40.0,0.5,0.4716876246922609,random
837,500,40.0,0.5,0.4885440432764222,ordered
838,500,40.0,0.5,0.47437711229551,degree
839,500,40.0,0.5,0.47675770811835677,distance
840,500,40.0,0.0,0.017380217551780836,random
841,500,40.0,0.0,0.021323711938472024,ordered
842,500,40.0,0.0,0.019161016789702705,degree
843,500,40.0,0.0,0.018385422876122284,distance
844,500,40.0,0.1,0.11931192273642036,random
845,500,40.0,0.1,0.12041435651385388,ordered
846,500,40.0,0.1,0.12213431592492249,degree
847,500,40.0,0.1,0.37556347446119026,distance
848,500,40.0,0.2,0.2102365042499811,random
849,500,40.0,0.2,0.21857793134321427,ordered
850,500,40.0,0.2,0.2184208376146876,degree
851,500,40.0,0.2,0.4375340407347058,distance
852,500,40.0,0.30000000000000004,0.29891388400137364,random
853,500,40.0,0.30000000000000004,0.31461445553881584,ordered
854,500,40.0,0.30000000000000004,0.31207599334323216,degree
855,500,40.0,0.30000000000000004,0.4594856757957295,distance
856,500,40.0,0.4,0.41424952269795706,random
857,500,40.0,0.4,0.43265172323603523,ordered
858,500,40.0,0.4,0.42098892751326067,degree
859,500,40.0,0.4,0.4734855397142043,distance
860,500,40.0,0.5,0.47229760459906833,random
861,500,40.0,0.5,0.49539774270450854,ordered
862,500,40.0,0.5,0.46764597973242017,degree
863,500,40.0,0.5,0.48324176555420273,distance
864,500,42.0,0.0,0.017353752641889545,random
865,500,42.0,0.0,0.019457188533880922,ordered
866,500,42.0,0.0,0.016664191949858152,degree
867,500,42.0,0.0,0.022310643216972112,distance
868,500,42.0,0.1,0.1307435706267433,random
869,500,42.0,0.1,0.12562163938823379,ordered
870,500,42.0,0.1,0.11718222060751446,degree
871,500,42.0,0.1,0.3898796613165569,distance
872,500,42.0,0.2,0.2114139055266277,random
873,500,42.0,0.2,0.21684895463724044,ordered
874,500,42.0,0.2,0.21534336121401187,degree
875,500,42.0,0.2,0.4386354156906315,distance
876,500,42.0,0.30000000000000004,0.30668657134866734,random
877,500,42.0,0.30000000000000004,0.3079431848093751,ordered
878,500,42.0,0.30000000000000004,0.30650152273874043,degree
879,500,42.0,0.30000000000000004,0.4599232704129242,distance
880,500,42.0,0.4,0.4236631799850377,random
881,500,42.0,0.4,0.4322745252244037,ordered
882,500,42.0,0.4,0.4281645367571896,degree
883,500,42.0,0.4,0.47357897524227965,distance
884,500,42.0,0.5,0.47641249971638644,random
885,500,42.0,0.5,0.4968648058177517,ordered
886,500,42.0,0.5,0.4731060074475081,degree
887,500,42.0,0.5,0.48823617947637865,distance
888,500,42.0,0.0,0.0190298260687288,random
889,500,42.0,0.0,0.014381632665475591,ordered
890,500,42.0,0.0,0.01579741447716391,degree
891,500,42.0,0.0,0.018029530330518278,distance
892,500,42.0,0.1,0.11660131528765076,random
893,500,42.0,0.1,0.12301513345731667,ordered
894,500,42.0,0.1,0.12006485249943419,degree
895,500,42.0,0.1,0.39026506851612364,distance
896,500,42.0,0.2,0.20855724422633642,random
897,500,42.0,0.2,0.21727899593572303,ordered
898,500,42.0,0.2,0.21624609614546125,degree
899,500,42.0,0.2,0.434311395803777,distance
900,500,42.0,0.30000000000000004,0.31835428271241895,random
901,500,42.0,0.30000000000000004,0.32541334305833314,ordered
902,500,42.0,0.30000000000000004,0.32404075128836746,degree
903,500,42.0,0.30000000000000004,0.4513881240736288,distance
904,500,42.0,0.4,0.41487428580490693,random
905,500,42.0,0.4,0.4288698671765016,ordered
906,500,42.0,0.4,0.4065268737327511,degree
907,500,42.0,0.4,0.46848008115227174,distance
908,500,42.0,0.5,0.4700282291181005,random
909,500,42.0,0.5,0.4827830907213532,ordered
910,500,42.0,0.5,0.46399358712438155,degree
911,500,42.0,0.5,0.48135542375302576,distance
912,500,44.0,0.0,0.018913575410723547,random
913,500,44.0,0.0,0.020928138513269197,ordered
914,500,44.0,0.0,0.01651833879221639,degree
915,500,44.0,0.0,0.019882724308665445,distance
916,500,44.0,0.1,0.1234068375100759,random
917,500,44.0,0.1,0.1291825974259457,ordered
918,500,44.0,0.1,0.12270759178603867,degree
919,500,44.0,0.1,0.4021427812263605,distance
920,500,44.0,0.2,0.22172925133799035,random
921,500,44.0,0.2,0.2288039743772988,ordered
922,500,44.0,0.2,0.21783249296694923,degree
923,500,44.0,0.2,0.4444545723072511,distance
924,500,44.0,0.30000000000000004,0.33162487724808754,random
925,500,44.0,0.30000000000000004,0.3383958530349023,ordered
926,500,44.0,0.30000000000000004,0.3254014213461168,degree
927,500,44.0,0.30000000000000004,0.46461363320950777,distance
928,500,44.0,0.4,0.4041637630549233,random
929,500,44.0,0.4,0.4221381859712511,ordered
930,500,44.0,0.4,0.40634047714385835,degree
931,500,44.0,0.4,0.4740533200118838,distance
932,500,44.0,0.5,0.4816758681266566,random
933,500,44.0,0.5,0.49382582241082007,ordered
934,500,44.0,0.5,0.47327864519674856,degree
935,500,44.0,0.5,0.48612181012559186,distance
936,500,44.0,0.0,0.017972653217553602,random
937,500,44.0,0.0,0.018065737328483746,ordered
938,500,44.0,0.0,0.018441043656516026,degree
939,500,44.0,0.0,0.017689663014627828,distance
940,500,44.0,0.1,0.12672070153034215,random
941,500,44.0,0.1,0.12896275257270923,ordered
942,500,44.0,0.1,0.12552030163851222,degree
943,500,44.0,0.1,0.40251413444880707,distance
944,500,44.0,0.2,0.2268601719983307,random
945,500,44.0,0.2,0.22898606062088014,ordered
946,500,44.0,0.2,0.2219460972365955,degree
947,500,44.0,0.2,0.4431080528877291,distance
948,500,44.0,0.30000000000000004,0.31438740926805886,random
949,500,44.0,0.30000000000000004,0.3209121058224503,ordered
950,500,44.0,0.30000000000000004,0.3174337346825498,degree
951,500,44.0,0.30000000000000004,0.4610484993101503,distance
952,500,44.0,0.4,0.41370329111716914,random
953,500,44.0,0.4,0.4388671032166619,ordered
954,500,44.0,0.4,0.42457376866890595,degree
955,500,44.0,0.4,0.47288619919315594,distance
956,500,44.0,0.5,0.4829996428667922,random
957,500,44.0,0.5,0.48918580005395357,ordered
958,500,44.0,0.5,0.4749756592228067,degree
959,500,44.0,0.5,0.4849725199827091,distance
960,500,46.0,0.0,0.024454544117304616,random
961,500,46.0,0.0,0.023217271828231262,ordered
962,500,46.0,0.0,0.022060111290807503,degree
963,500,46.0,0.0,0.02169120351707189,distance
964,500,46.0,0.1,0.11914523187568464,random
965,500,46.0,0.1,0.12157980608314385,ordered
966,500,46.0,0.1,0.11945300518323705,degree
967,500,46.0,0.1,0.4000877268285287,distance
968,500,46.0,0.2,0.23421541642850396,random
969,500,46.0,0.2,0.23682686821768714,ordered
970,500,46.0,0.2,0.23096589730336362,degree
971,500,46.0,0.2,0.4489762132075583,distance
972,500,46.0,0.30000000000000004,0.3171959898934111,random
973,500,46.0,0.30000000000000004,0.32818436645676663,ordered
974,500,46.0,0.30000000000000004,0.306733163720725,degree
975,500,46.0,0.30000000000000004,0.4647056166629323,distance
976,500,46.0,0.4,0.4240525677435184,random
977,500,46.0,0.4,0.44234897481314883,ordered
978,500,46.0,0.4,0.4270889680585224,degree
979,500,46.0,0.4,0.47693954282698403,distance
980,500,46.0,0.5,0.4752282043902394,random
981,500,46.0,0.5,0.5015756764054105,ordered
982,500,46.0,0.5,0.47226150486977225,degree
983,500,46.0,0.5,0.4877343557705255,distance
984,500,46.0,0.0,0.02023888652013705,random
985,500,46.0,0.0,0.01961183681203179,ordered
986,500,46.0,0.0,0.01753009544425925,degree
987,500,46.0,0.0,0.02328091490970389,distance
988,500,46.0,0.1,0.1197377626662843,random
989,500,46.0,0.1,0.1292273478806764,ordered
990,500,46.0,0.1,0.12623616498076837,degree
991,500,46.0,0.1,0.4063835342725577,distance
992,500,46.0,0.2,0.21848310397791343,random
993,500,46.0,0.2,0.2323288429086238,ordered
994,500,46.0,0.2,0.2210500071402611,degree
995,500,46.0,0.2,0.4437950815464746,distance
996,500,46.0,0.30000000000000004,0.30992808643586967,random
997,500,46.0,0.30000000000000004,0.32824503805674143,ordered
998,500,46.0,0.30000000000000004,0.3210940673032098,degree
999,500,46.0,0.30000000000000004,0.45447442281743855,distance
1000,500,46.0,0.4,0.41411711262929973,random
1001,500,46.0,0.4,0.42940563039208063,ordered
1002,500,46.0,0.4,0.4169353294106072,degree
1003,500,46.0,0.4,0.4803614132134043,distance
1004,500,46.0,0.5,0.4822192639502643,random
1005,500,46.0,0.5,0.49204233981713835,ordered
1006,500,46.0,0.5,0.4855004078079336,degree
1007,500,46.0,0.5,0.4863849317912724,distance
1008,500,48.0,0.0,0.021303780183303853,random
1009,500,48.0,0.0,0.0232720812149317,ordered
1010,500,48.0,0.0,0.01811548178743756,degree
1011,500,48.0,0.0,0.021600997901470444,distance
1012,500,48.0,0.1,0.11667176021767664,random
1013,500,48.0,0.1,0.11901307647744912,ordered
1014,500,48.0,0.1,0.1204918583602115,degree
1015,500,48.0,0.1,0.4059682500839975,distance
1016,500,48.0,0.2,0.2227862061979669,random
1017,500,48.0,0.2,0.22854012578841743,ordered
1018,500,48.0,0.2,0.22453085304025602,degree
1019,500,48.0,0.2,0.4394422913521975,distance
1020,500,48.0,0.30000000000000004,0.3270264648386175,random
1021,500,48.0,0.30000000000000004,0.32802561641166816,ordered
1022,500,48.0,0.30000000000000004,0.312426751791372,degree
1023,500,48.0,0.30000000000000004,0.4662921356980072,distance
1024,500,48.0,0.4,0.43035040537416763,random
1025,500,48.0,0.4,0.439723535524623,ordered
1026,500,48.0,0.4,0.41790662976138215,degree
1027,500,48.0,0.4,0.48685561113139986,distance
1028,500,48.0,0.5,0.48211554003344564,random
1029,500,48.0,0.5,0.4945653927826366,ordered
1030,500,48.0,0.5,0.4810877983923708,degree
1031,500,48.0,0.5,0.48511093453847104,distance
1032,500,48.0,0.0,0.018462463209082618,random
1033,500,48.0,0.0,0.018782676838955133,ordered
1034,500,48.0,0.0,0.019227924343641015,degree
1035,500,48.0,0.0,0.023349271061163378,distance
1036,500,48.0,0.1,0.13031314750129225,random
1037,500,48.0,0.1,0.1386479368211005,ordered
1038,500,48.0,0.1,0.1314084099617693,degree
1039,500,48.0,0.1,0.4008110083072801,distance
1040,500,48.0,0.2,0.22411672020639534,random
1041,500,48.0,0.2,0.23107183534532777,ordered
1042,500,48.0,0.2,0.23168498388670286,degree
1043,500,48.0,0.2,0.45323987687423467,distance
1044,500,48.0,0.30000000000000004,0.33225916684899315,random
1045,500,48.0,0.30000000000000004,0.34281800033330445,ordered
1046,500,48.0,0.30000000000000004,0.3299330594166416,degree
1047,500,48.0,0.30000000000000004,0.4678179803484449,distance
1048,500,48.0,0.4,0.4267571874156988,random
1049,500,48.0,0.4,0.44977199115120214,ordered
1050,500,48.0,0.4,0.4188534231700727,degree
1051,500,48.0,0.4,0.48422199811653377,distance
1052,500,48.0,0.5,0.4840677267280615,random
1053,500,48.0,0.5,0.49351441179767885,ordered
1054,500,48.0,0.5,0.48521424169641814,degree
1055,500,48.0,0.5,0.4911219815019721,distance
1056,500,50.0,0.0,0.019655745151944744,random
1057,500,50.0,0.0,0.0203563068888429,ordered
1058,500,50.0,0.0,0.020742032670948735,degree
1059,500,50.0,0.0,0.027501088513253214,distance
1060,500,50.0,0.1,0.1270030808635475,random
1061,500,50.0,0.1,0.1281713507016477,ordered
1062,500,50.0,0.1,0.12762808287747332,degree
1063,500,50.0,0.1,0.4139901832404157,distance
1064,500,50.0,0.2,0.2316508653522979,random
1065,500,50.0,0.2,0.23225016380162633,ordered
1066,500,50.0,0.2,0.23539369381002734,degree
1067,500,50.0,0.2,0.4526263234259991,distance
1068,500,50.0,0.30000000000000004,0.33740320165016063,random
1069,500,50.0,0.30000000000000004,0.33945582609509484,ordered
1070,500,50.0,0.30000000000000004,0.3338426881440858,degree
1071,500,50.0,0.30000000000000004,0.46477185826992307,distance
1072,500,50.0,0.4,0.43529736191716817,random
1073,500,50.0,0.4,0.4558416018450215,ordered
1074,500,50.0,0.4,0.4314220072024263,degree
1075,500,50.0,0.4,0.4888190171479776,distance
1076,500,50.0,0.5,0.4867102366402283,random
1077,500,50.0,0.5,0.49204693348042616,ordered
1078,500,50.0,0.5,0.4826396265828373,degree
1079,500,50.0,0.5,0.4847570707854831,distance
1080,500,50.0,0.0,0.021467444358330773,random
1081,500,50.0,0.0,0.019759149929099072,ordered
1082,500,50.0,0.0,0.020556986191065003,degree
1083,500,50.0,0.0,0.02595623039703368,distance
1084,500,50.0,0.1,0.1256507609721164,random
1085,500,50.0,0.1,0.13438882626711457,ordered
1086,500,50.0,0.1,0.12661631001864207,degree
1087,500,50.0,0.1,0.4122879472081932,distance
1088,500,50.0,0.2,0.23024752066463544,random
1089,500,50.0,0.2,0.23138455550866038,ordered
1090,500,50.0,0.2,0.23060284285897578,degree
1091,500,50.0,0.2,0.45287444898797996,distance
1092,500,50.0,0.30000000000000004,0.32564047738730406,random
1093,500,50.0,0.30000000000000004,0.34554685013692266,ordered
1094,500,50.0,0.30000000000000004,0.33492818733541097,degree
1095,500,50.0,0.30000000000000004,0.47240563593662827,distance
1096,500,50.0,0.4,0.428895430597544,random
1097,500,50.0,0.4,0.4434395312824755,ordered
1098,500,50.0,0.4,0.41690685228838864,degree
1099,500,50.0,0.4,0.48473951204945065,distance
1100,500,50.0,0.5,0.4820553385222456,random
1101,500,50.0,0.5,0.4982798727540665,ordered
1102,500,50.0,0.5,0.4744879829787688,degree
1103,500,50.0,0.5,0.495049197548429,distance
1104,500,52.0,0.0,0.02168584080265456,random
1105,500,52.0,0.0,0.025548836601567697,ordered
1106,500,52.0,0.0,0.022809208246617908,degree
1107,500,52.0,0.0,0.022618543266274674,distance
1108,500,52.0,0.1,0.1327027195434839,random
1109,500,52.0,0.1,0.1357721950578033,ordered
1110,500,52.0,0.1,0.1274538126956782,degree
1111,500,52.0,0.1,0.42607923035368633,distance
1112,500,52.0,0.2,0.2320161902348461,random
1113,500,52.0,0.2,0.2401551020096334,ordered
1114,500,52.0,0.2,0.23410627990217908,degree
1115,500,52.0,0.2,0.45602345401659594,distance
1116,500,52.0,0.30000000000000004,0.3322369430388224,random
1117,500,52.0,0.30000000000000004,0.3477265462656076,ordered
1118,500,52.0,0.30000000000000004,0.3327181569789438,degree
1119,500,52.0,0.30000000000000004,0.4693361453355315,distance
1120,500,52.0,0.4,0.43405287944242776,random
1121,500,52.0,0.4,0.45386231231291874,ordered
1122,500,52.0,0.4,0.4394105096366827,degree
1123,500,52.0,0.4,0.48000933242919447,distance
1124,500,52.0,0.5,0.4931262408153749,random
1125,500,52.0,0.5,0.4961923505133437,ordered
1126,500,52.0,0.5,0.48442894981263257,degree
1127,500,52.0,0.5,0.4930077786440896,distance
1128,500,52.0,0.0,0.023113785674748488,random
1129,500,52.0,0.0,0.021270092504440348,ordered
1130,500,52.0,0.0,0.02048127147980908,degree
1131,500,52.0,0.0,0.023044640894217858,distance
1132,500,52.0,0.1,0.12809858433486157,random
1133,500,52.0,0.1,0.12973014536009958,ordered
1134,500,52.0,0.1,0.12958677484807435,degree
1135,500,52.0,0.1,0.4197963478048804,distance
1136,500,52.0,0.2,0.22950820038894565,random
1137,500,52.0,0.2,0.2355126663822733,ordered
1138,500,52.0,0.2,0.23337373323460092,degree
1139,500,52.0,0.2,0.4528867946707368,distance
1140,500,52.0,0.30000000000000004,0.3344729428402484,random
1141,500,52.0,0.30000000000000004,0.3450415364051855,ordered
1142,500,52.0,0.30000000000000004,0.3322150858638018,degree
1143,500,52.0,0.30000000000000004,0.4775276798818549,distance
1144,500,52.0,0.4,0.43529221549645003,random
1145,500,52.0,0.4,0.4481633744227208,ordered
1146,500,52.0,0.4,0.4412921532343207,degree
1147,500,52.0,0.4,0.4811196905104591,distance
1148,500,52.0,0.5,0.479777565973406,random
1149,500,52.0,0.5,0.4985194133616693,ordered
1150,500,52.0,0.5,0.4924322352784804,degree
1151,500,52.0,0.5,0.4882924202552782,distance
1152,500,54.0,0.0,0.022428240647479263,random
1153,500,54.0,0.0,0.022823553050090352,ordered
1154,500,54.0,0.0,0.027328042267039544,degree
1155,500,54.0,0.0,0.025752984191888085,distance
1156,500,54.0,0.1,0.13061245071988942,random
1157,500,54.0,0.1,0.1255767656694379,ordered
1158,500,54.0,0.1,0.12772911991158714,degree
1159,500,54.0,0.1,0.42426690065542383,distance
1160,500,54.0,0.2,0.22651029943076634,random
1161,500,54.0,0.2,0.2424680066111459,ordered
1162,500,54.0,0.2,0.23734152709805295,degree
1163,500,54.0,0.2,0.4616365106933287,distance
1164,500,54.0,0.30000000000000004,0.3441795661759068,random
1165,500,54.0,0.30000000000000004,0.3508204151779904,ordered
1166,500,54.0,0.30000000000000004,0.34358923348576953,degree
1167,500,54.0,0.30000000000000004,0.4720494344893229,distance
1168,500,54.0,0.4,0.4400779079554543,random
1169,500,54.0,0.4,0.45476137711655956,ordered
1170,500,54.0,0.4,0.4452001541779789,degree
1171,500,54.0,0.4,0.48564392874710743,distance
1172,500,54.0,0.5,0.4879908485618877,random
1173,500,54.0,0.5,0.4962399484013721,ordered
1174,500,54.0,0.5,0.47895498987356266,degree
1175,500,54.0,0.5,0.49197493965192507,distance
1176,500,54.0,0.0,0.024498399027603587,random
1177,500,54.0,0.0,0.022387848200174146,ordered
1178,500,54.0,0.0,0.021407943969718103,degree
1179,500,54.0,0.0,0.025039349565324824,distance
1180,500,54.0,0.1,0.1343641327475727,random
1181,500,54.0,0.1,0.14292478981518925,ordered
1182,500,54.0,0.1,0.13142259540001816,degree
1183,500,54.0,0.1,0.4202989303910788,distance
1184,500,54.0,0.2,0.22141148257635418,random
1185,500,54.0,0.2,0.2284835431903879,ordered
1186,500,54.0,0.2,0.22411000462490774,degree
1187,500,54.0,0.2,0.4611397966299293,distance
1188,500,54.0,0.30000000000000004,0.3250977209676193,random
1189,500,54.0,0.30000000000000004,0.33633161948791573,ordered
1190,500,54.0,0.30000000000000004,0.3235931850423356,degree
1191,500,54.0,0.30000000000000004,0.47722743865319234,distance
1192,500,54.0,0.4,0.4313597886793022,random
1193,500,54.0,0.4,0.4509924160605389,ordered
1194,500,54.0,0.4,0.4332551502136136,degree
1195,500,54.0,0.4,0.48274285312314263,distance
1196,500,54.0,0.5,0.48270175119517,random
1197,500,54.0,0.5,0.4905951356290624,ordered
1198,500,54.0,0.5,0.48312998077867136,degree
1199,500,54.0,0.5,0.49016121883305636,distance
1200,500,56.0,0.0,0.024955547198472865,random
1201,500,56.0,0.0,0.023164606578576757,ordered
1202,500,56.0,0.0,0.025233946194729955,degree
1203,500,56.0,0.0,0.02876386302285302,distance
1204,500,56.0,0.1,0.1267567918662656,random
1205,500,56.0,0.1,0.1297876616170018,ordered
1206,500,56.0,0.1,0.1317665194707342,degree
1207,500,56.0,0.1,0.42057042876239487,distance
1208,500,56.0,0.2,0.23491727420357827,random
1209,500,56.0,0.2,0.23473606201157443,ordered
1210,500,56.0,0.2,0.23038467928365494,degree
1211,500,56.0,0.2,0.4583923432839815,distance
1212,500,56.0,0.30000000000000004,0.326412328385634,random
1213,500,56.0,0.30000000000000004,0.3378129455003587,ordered
1214,500,56.0,0.30000000000000004,0.3258680788723566,degree
1215,500,56.0,0.30000000000000004,0.479487689226029,distance
1216,500,56.0,0.4,0.44053909735669167,random
1217,500,56.0,0.4,0.43965159125564834,ordered
1218,500,56.0,0.4,0.4263077391670154,degree
1219,500,56.0,0.4,0.48832972299680455,distance
1220,500,56.0,0.5,0.489905258658489,random
1221,500,56.0,0.5,0.4947671964505595,ordered
1222,500,56.0,0.5,0.47734425394064106,degree
1223,500,56.0,0.5,0.4871775023753365,distance
1224,500,56.0,0.0,0.028579886367945496,random
1225,500,56.0,0.0,0.023056015964294633,ordered
1226,500,56.0,0.0,0.023625038164479282,degree
1227,500,56.0,0.0,0.028866584251661283,distance
1228,500,56.0,0.1,0.13816381317952658,random
1229,500,56.0,0.1,0.13160904750530583,ordered
1230,500,56.0,0.1,0.12902579939900602,degree
1231,500,56.0,0.1,0.42671797464268507,distance
1232,500,56.0,0.2,0.2360235565530612,random
1233,500,56.0,0.2,0.24157519153404508,ordered
1234,500,56.0,0.2,0.23778008328557337,degree
1235,500,56.0,0.2,0.4573933314786953,distance
1236,500,56.0,0.30000000000000004,0.3365380950867033,random
1237,500,56.0,0.30000000000000004,0.34647355372716665,ordered
1238,500,56.0,0.30000000000000004,0.33669975537286434,degree
1239,500,56.0,0.30000000000000004,0.47803589702120614,distance
1240,500,56.0,0.4,0.4331300191960584,random
1241,500,56.0,0.4,0.4506864339798689,ordered
1242,500,56.0,0.4,0.4354940421963738,degree
1243,500,56.0,0.4,0.48541431113869027,distance
1244,500,56.0,0.5,0.48993045820290054,random
1245,500,56.0,0.5,0.5038978100503945,ordered
1246,500,56.0,0.5,0.48603218716399416,degree
1247,500,56.0,0.5,0.4898998206783041,distance
1248,500,58.0,0.0,0.02804776314667093,random
1249,500,58.0,0.0,0.024467390677698556,ordered
1250,500,58.0,0.0,0.02445503562224228,degree
1251,500,58.0,0.0,0.032824251441161016,distance
1252,500,58.0,0.1,0.12867680358181496,random
1253,500,58.0,0.1,0.13198346593538593,ordered
1254,500,58.0,0.1,0.13791290880931678,degree
1255,500,58.0,0.1,0.43384107307681335,distance
1256,500,58.0,0.2,0.23181375741495486,random
1257,500,58.0,0.2,0.24123827474979925,ordered
1258,500,58.0,0.2,0.23930532571694485,degree
1259,500,58.0,0.2,0.46647079898677335,distance
1260,500,58.0,0.30000000000000004,0.34136905677441476,random
1261,500,58.0,0.30000000000000004,0.3370969891658769,ordered
1262,500,58.0,0.30000000000000004,0.33998406039833323,degree
1263,500,58.0,0.30000000000000004,0.4866356546766105,distance
1264,500,58.0,0.4,0.4393619412403605,random
1265,500,58.0,0.4,0.45142707773483065,ordered
1266,500,58.0,0.4,0.43646479926607773,degree
1267,500,58.0,0.4,0.483208895210248,distance
1268,500,58.0,0.5,0.48903745228092116,random
1269,500,58.0,0.5,0.5080862107208852,ordered
1270,500,58.0,0.5,0.48320369211135067,degree
1271,500,58.0,0.5,0.4918515494260354,distance
1272,500,58.0,0.0,0.025677213991887916,random
1273,500,58.0,0.0,0.02536167956169119,ordered
1274,500,58.0,0.0,0.02679655056088929,degree
1275,500,58.0,0.0,0.030353238745220078,distance
1276,500,58.0,0.1,0.13017634988622864,random
1277,500,58.0,0.1,0.13392793284486987,ordered
1278,500,58.0,0.1,0.12701020089395412,degree
1279,500,58.0,0.1,0.41687947681390547,distance
1280,500,58.0,0.2,0.24039196303738603,random
1281,500,58.0,0.2,0.25099048715342615,ordered
1282,500,58.0,0.2,0.24343972962469893,degree
1283,500,58.0,0.2,0.4691774901407092,distance
1284,500,58.0,0.30000000000000004,0.3353029909405534,random
1285,500,58.0,0.30000000000000004,0.3428290163394251,ordered
1286,500,58.0,0.30000000000000004,0.33286817041534167,degree
1287,500,58.0,0.30000000000000004,0.47701349067147064,distance
1288,500,58.0,0.4,0.446062424585518,random
1289,500,58.0,0.4,0.4575112755127182,ordered
1290,500,58.0,0.4,0.4422358219041146,degree
1291,500,58.0,0.4,0.48909383185873223,distance
1292,500,58.0,0.5,0.4833648159970555,random
1293,500,58.0,0.5,0.4998512516327736,ordered
1294,500,58.0,0.5,0.4861481789676234,degree
1295,500,58.0,0.5,0.49640078473577487,distance
