,size,p,avg,slope,shuffled
0,500,0.012024048096192385,6,0.20259260077173663,False
1,500,0.012024048096192385,6,0.20057020502794332,False
2,500,0.012024048096192385,6,0.15188034258710964,False
3,500,0.012024048096192385,6,0.1886389475082774,False
4,500,0.012024048096192385,6,0.18559596137745876,False
5,500,0.012024048096192385,6,0.19260777609036855,False
6,500,0.012024048096192385,6,0.17365036593872188,False
7,500,0.012024048096192385,6,0.19372010627286812,False
8,500,0.012024048096192385,6,0.17951675643813234,False
9,500,0.012024048096192385,6,0.2018717277526591,False
10,500,0.012024048096192385,6,0.19625728172724383,False
11,500,0.012024048096192385,6,0.1886759430007642,False
12,500,0.012024048096192385,6,0.2005683110818591,False
13,500,0.012024048096192385,6,0.19008159203731406,False
14,500,0.012024048096192385,6,0.1954236780208425,False
15,500,0.012024048096192385,6,0.17018399995910377,False
16,500,0.012024048096192385,6,0.18597688778562033,False
17,500,0.012024048096192385,6,0.19845831126622873,False
18,500,0.012024048096192385,6,0.1824204671793501,False
19,500,0.012024048096192385,6,0.18395955991391383,False
20,500,0.012024048096192385,6,0.19398540144729726,False
21,500,0.012024048096192385,6,0.18585894564501593,False
22,500,0.012024048096192385,6,0.20560251626656162,False
23,500,0.012024048096192385,6,0.18545373531307624,False
24,500,0.012024048096192385,6,0.1983869117506818,False
25,500,0.012024048096192385,6,0.20247192408966838,False
26,500,0.012024048096192385,6,0.19409901724189133,False
27,500,0.012024048096192385,6,0.19221196087739814,False
28,500,0.012024048096192385,6,0.1923463225079446,False
29,500,0.012024048096192385,6,0.1716259759057799,False
30,500,0.012024048096192385,6,0.1940066081843355,False
31,500,0.012024048096192385,6,0.1930681155771282,False
32,500,0.012024048096192385,6,0.15002465940227197,False
33,500,0.012024048096192385,6,0.17584181011363625,False
34,500,0.012024048096192385,6,0.17648098412126031,False
35,500,0.012024048096192385,6,0.2067051432138906,False
36,500,0.012024048096192385,6,0.17754666730713706,False
37,500,0.012024048096192385,6,0.17779913199200517,False
38,500,0.012024048096192385,6,0.1723805844938634,False
39,500,0.012024048096192385,6,0.18793400186208764,False
40,500,0.012024048096192385,6,0.16945185651587608,False
41,500,0.012024048096192385,6,0.18858682712328587,False
42,500,0.012024048096192385,6,0.17669800235359992,False
43,500,0.012024048096192385,6,0.1873162519100452,False
44,500,0.012024048096192385,6,0.19771933191209012,False
45,500,0.012024048096192385,6,0.18606993344519984,False
46,500,0.012024048096192385,6,0.2035398706862984,False
47,500,0.012024048096192385,6,0.19487611723003273,False
48,500,0.012024048096192385,6,0.17427113172391484,False
49,500,0.012024048096192385,6,0.18075148820232567,False
50,500,0.012024048096192385,6,0.1728268605370682,False
51,500,0.012024048096192385,6,0.1999486870253698,False
52,500,0.012024048096192385,6,0.16292031344188537,False
53,500,0.012024048096192385,6,0.18369820194525444,False
54,500,0.012024048096192385,6,0.19412619690362368,False
55,500,0.012024048096192385,6,0.19695552686525938,False
56,500,0.012024048096192385,6,0.17792111411750086,False
57,500,0.012024048096192385,6,0.2041489683943375,False
58,500,0.012024048096192385,6,0.1778689830608177,False
59,500,0.012024048096192385,6,0.1940090938637521,False
60,500,0.012024048096192385,6,0.19137392962232058,False
61,500,0.012024048096192385,6,0.19940975881104678,False
62,500,0.012024048096192385,6,0.17815321367949985,False
63,500,0.012024048096192385,6,0.1885815959178524,False
64,500,0.012024048096192385,6,0.18543332573753352,False
65,500,0.012024048096192385,6,0.1716349096503553,False
66,500,0.012024048096192385,6,0.14658222765758347,False
67,500,0.012024048096192385,6,0.18771245137737583,False
68,500,0.012024048096192385,6,0.17815286403079095,False
69,500,0.012024048096192385,6,0.2084072880507491,False
70,500,0.012024048096192385,6,0.1803578008712338,False
71,500,0.012024048096192385,6,0.18504683091817434,False
72,500,0.012024048096192385,6,0.1877589019412792,False
73,500,0.012024048096192385,6,0.182698390089768,False
74,500,0.012024048096192385,6,0.17954829763088992,False
75,500,0.012024048096192385,6,0.18277796737336566,False
76,500,0.012024048096192385,6,0.19816454925318802,False
77,500,0.012024048096192385,6,0.18969304831930514,False
78,500,0.012024048096192385,6,0.17754868343560404,False
79,500,0.012024048096192385,6,0.186728406899089,False
80,500,0.012024048096192385,6,0.1760150416973044,False
81,500,0.012024048096192385,6,0.1886990610353791,False
82,500,0.012024048096192385,6,0.18275718231764845,False
83,500,0.012024048096192385,6,0.18730066266420192,False
84,500,0.012024048096192385,6,0.17624669894585432,False
85,500,0.012024048096192385,6,0.17860185974351112,False
86,500,0.012024048096192385,6,0.2078842833928403,False
87,500,0.012024048096192385,6,0.18023946818231606,False
88,500,0.012024048096192385,6,0.19343692330360182,False
89,500,0.012024048096192385,6,0.19530874982441762,False
90,500,0.012024048096192385,6,0.17513766580811044,False
91,500,0.012024048096192385,6,0.18899093953866444,False
92,500,0.012024048096192385,6,0.19922055250277584,False
93,500,0.012024048096192385,6,0.1693953610756747,False
94,500,0.012024048096192385,6,0.19740700112603207,False
95,500,0.012024048096192385,6,0.2003543548253676,False
96,500,0.012024048096192385,6,0.19936522050056288,False
97,500,0.012024048096192385,6,0.18424698138562964,False
98,500,0.012024048096192385,6,0.17008222538867607,False
99,500,0.012024048096192385,6,0.20865270380863585,False
100,500,0.012024048096192385,6,0.16235360225313838,True
101,500,0.012024048096192385,6,0.15753520648989996,True
102,500,0.012024048096192385,6,0.19144953867671233,True
103,500,0.012024048096192385,6,0.18859505637974125,True
104,500,0.012024048096192385,6,0.19161888702049762,True
105,500,0.012024048096192385,6,0.17153497851472987,True
106,500,0.012024048096192385,6,0.17826939133197509,True
107,500,0.012024048096192385,6,0.206674036736925,True
108,500,0.012024048096192385,6,0.1849616451535639,True
109,500,0.012024048096192385,6,0.2053020259913715,True
110,500,0.012024048096192385,6,0.1989020364287395,True
111,500,0.012024048096192385,6,0.1669571043161789,True
112,500,0.012024048096192385,6,0.20217523914208158,True
113,500,0.012024048096192385,6,0.19199122195499937,True
114,500,0.012024048096192385,6,0.16223491805133,True
115,500,0.012024048096192385,6,0.1947235918716833,True
116,500,0.012024048096192385,6,0.13114478677524366,True
117,500,0.012024048096192385,6,0.157094744417574,True
118,500,0.012024048096192385,6,0.19355855371002884,True
119,500,0.012024048096192385,6,0.19351808781560037,True
120,500,0.012024048096192385,6,0.1967739578178041,True
121,500,0.012024048096192385,6,0.18063847117535392,True
122,500,0.012024048096192385,6,0.18783767199559717,True
123,500,0.012024048096192385,6,0.17768512005601378,True
124,500,0.012024048096192385,6,0.16461433558497485,True
125,500,0.012024048096192385,6,0.1729905855480183,True
126,500,0.012024048096192385,6,0.17498684578329546,True
127,500,0.012024048096192385,6,0.16424995450182686,True
128,500,0.012024048096192385,6,0.21010374410346322,True
129,500,0.012024048096192385,6,0.17015593780291569,True
130,500,0.012024048096192385,6,0.20204807602659575,True
131,500,0.012024048096192385,6,0.19272643845669135,True
132,500,0.012024048096192385,6,0.170278773078698,True
133,500,0.012024048096192385,6,0.18865147335917562,True
134,500,0.012024048096192385,6,0.1690553181366082,True
135,500,0.012024048096192385,6,0.1998481492058546,True
136,500,0.012024048096192385,6,0.18074360946352314,True
137,500,0.012024048096192385,6,0.19446480143335948,True
138,500,0.012024048096192385,6,0.17766658403771846,True
139,500,0.012024048096192385,6,0.17902640462301173,True
140,500,0.012024048096192385,6,0.18313806070184124,True
141,500,0.012024048096192385,6,0.2148095460729698,True
142,500,0.012024048096192385,6,0.1819081518261941,True
143,500,0.012024048096192385,6,0.1394812076810579,True
144,500,0.012024048096192385,6,0.1832247974374069,True
145,500,0.012024048096192385,6,0.17524787783316093,True
146,500,0.012024048096192385,6,0.18809741103483762,True
147,500,0.012024048096192385,6,0.201959772879813,True
148,500,0.012024048096192385,6,0.17909123292217774,True
149,500,0.012024048096192385,6,0.12188087132285923,True
150,500,0.012024048096192385,6,0.16370082141206083,True
151,500,0.012024048096192385,6,0.19706133617290358,True
152,500,0.012024048096192385,6,0.1657779615324475,True
153,500,0.012024048096192385,6,0.19510622425140509,True
154,500,0.012024048096192385,6,0.1958888832951212,True
155,500,0.012024048096192385,6,0.20783121055357728,True
156,500,0.012024048096192385,6,0.1966639127867339,True
157,500,0.012024048096192385,6,0.18399288208401127,True
158,500,0.012024048096192385,6,0.19907834272820513,True
159,500,0.012024048096192385,6,0.18746471030132542,True
160,500,0.012024048096192385,6,0.192188097735924,True
161,500,0.012024048096192385,6,0.18404711021474973,True
162,500,0.012024048096192385,6,0.17869343245164904,True
163,500,0.012024048096192385,6,0.1781127575598999,True
164,500,0.012024048096192385,6,0.2032515121136007,True
165,500,0.012024048096192385,6,0.18231042699297678,True
166,500,0.012024048096192385,6,0.20991576740831744,True
167,500,0.012024048096192385,6,0.18212373727188838,True
168,500,0.012024048096192385,6,0.17588029246742498,True
169,500,0.012024048096192385,6,0.19588188169428017,True
170,500,0.012024048096192385,6,0.19587979847358833,True
171,500,0.012024048096192385,6,0.20615330518688374,True
172,500,0.012024048096192385,6,0.17340851589609255,True
173,500,0.012024048096192385,6,0.16685950444035003,True
174,500,0.012024048096192385,6,0.21403535258886316,True
175,500,0.012024048096192385,6,0.19692253137870458,True
176,500,0.012024048096192385,6,0.18176923030147565,True
177,500,0.012024048096192385,6,0.1764118641250632,True
178,500,0.012024048096192385,6,0.1789235551994468,True
179,500,0.012024048096192385,6,0.18497136155626795,True
180,500,0.012024048096192385,6,0.1887922082769228,True
181,500,0.012024048096192385,6,0.161248488218442,True
182,500,0.012024048096192385,6,0.19581822741879956,True
183,500,0.012024048096192385,6,0.15117804568821566,True
184,500,0.012024048096192385,6,0.2060068727193004,True
185,500,0.012024048096192385,6,0.16792677271338471,True
186,500,0.012024048096192385,6,0.19406493924129553,True
187,500,0.012024048096192385,6,0.17911885230903304,True
188,500,0.012024048096192385,6,0.18707613423720712,True
189,500,0.012024048096192385,6,0.16771838790830026,True
190,500,0.012024048096192385,6,0.18171216963889625,True
191,500,0.012024048096192385,6,0.18967400054052855,True
192,500,0.012024048096192385,6,0.16003647519300612,True
193,500,0.012024048096192385,6,0.1515516394534342,True
194,500,0.012024048096192385,6,0.1750495009161611,True
195,500,0.012024048096192385,6,0.1938485296176658,True
196,500,0.012024048096192385,6,0.19493800065902228,True
197,500,0.012024048096192385,6,0.16826350337477772,True
198,500,0.012024048096192385,6,0.19661135931892987,True
199,500,0.012024048096192385,6,0.18209373322536318,True
200,500,0.02004008016032064,10,0.34158229321643374,False
201,500,0.02004008016032064,10,0.391728875931525,False
202,500,0.02004008016032064,10,0.36377139250983404,False
203,500,0.02004008016032064,10,0.3562970394414936,False
204,500,0.02004008016032064,10,0.3590808096807495,False
205,500,0.02004008016032064,10,0.35213831584010397,False
206,500,0.02004008016032064,10,0.365023734404599,False
207,500,0.02004008016032064,10,0.37345841620386794,False
208,500,0.02004008016032064,10,0.34410745784955765,False
209,500,0.02004008016032064,10,0.3783127124821102,False
210,500,0.02004008016032064,10,0.3649960336642244,False
211,500,0.02004008016032064,10,0.3637675778526075,False
212,500,0.02004008016032064,10,0.36366999028223873,False
213,500,0.02004008016032064,10,0.3508637622715121,False
214,500,0.02004008016032064,10,0.3700523309763312,False
215,500,0.02004008016032064,10,0.36844664865908433,False
216,500,0.02004008016032064,10,0.35173101662391787,False
217,500,0.02004008016032064,10,0.3553687443175949,False
218,500,0.02004008016032064,10,0.3716957546085585,False
219,500,0.02004008016032064,10,0.3466526181707928,False
220,500,0.02004008016032064,10,0.36387889680989144,False
221,500,0.02004008016032064,10,0.37430067387985705,False
222,500,0.02004008016032064,10,0.357991191980514,False
223,500,0.02004008016032064,10,0.36976419126642507,False
224,500,0.02004008016032064,10,0.3633375941377595,False
225,500,0.02004008016032064,10,0.3361572328332101,False
226,500,0.02004008016032064,10,0.36603415168396347,False
227,500,0.02004008016032064,10,0.36548584085054925,False
228,500,0.02004008016032064,10,0.34370914329058266,False
229,500,0.02004008016032064,10,0.35592077543864975,False
230,500,0.02004008016032064,10,0.3417180375831348,False
231,500,0.02004008016032064,10,0.3473080691634037,False
232,500,0.02004008016032064,10,0.3601239280609277,False
233,500,0.02004008016032064,10,0.3536433102842781,False
234,500,0.02004008016032064,10,0.38018328813972374,False
235,500,0.02004008016032064,10,0.3691099173328243,False
236,500,0.02004008016032064,10,0.35143812313172135,False
237,500,0.02004008016032064,10,0.36971648973866306,False
238,500,0.02004008016032064,10,0.3415168154479253,False
239,500,0.02004008016032064,10,0.32314124497103686,False
240,500,0.02004008016032064,10,0.378885498700519,False
241,500,0.02004008016032064,10,0.3543259759984575,False
242,500,0.02004008016032064,10,0.3314394677565868,False
243,500,0.02004008016032064,10,0.35730917758961894,False
244,500,0.02004008016032064,10,0.3634283551781691,False
245,500,0.02004008016032064,10,0.30700143181192,False
246,500,0.02004008016032064,10,0.34302246258496244,False
247,500,0.02004008016032064,10,0.3611301371637217,False
248,500,0.02004008016032064,10,0.3723408855965075,False
249,500,0.02004008016032064,10,0.3219894382131874,False
250,500,0.02004008016032064,10,0.37457404029523295,False
251,500,0.02004008016032064,10,0.37033185798718854,False
252,500,0.02004008016032064,10,0.3776324523039216,False
253,500,0.02004008016032064,10,0.36689433302221064,False
254,500,0.02004008016032064,10,0.3549086974565073,False
255,500,0.02004008016032064,10,0.3561786576819682,False
256,500,0.02004008016032064,10,0.3640363586867761,False
257,500,0.02004008016032064,10,0.3548470071718939,False
258,500,0.02004008016032064,10,0.3740143552179897,False
259,500,0.02004008016032064,10,0.35202483495545456,False
260,500,0.02004008016032064,10,0.3633495371336993,False
261,500,0.02004008016032064,10,0.3741117455690871,False
262,500,0.02004008016032064,10,0.367210322501716,False
263,500,0.02004008016032064,10,0.34875381702421554,False
264,500,0.02004008016032064,10,0.3645078860303604,False
265,500,0.02004008016032064,10,0.3569748808384352,False
266,500,0.02004008016032064,10,0.34589662022008866,False
267,500,0.02004008016032064,10,0.3512528719902262,False
268,500,0.02004008016032064,10,0.38302724493405244,False
269,500,0.02004008016032064,10,0.36000783145327686,False
270,500,0.02004008016032064,10,0.35661712482679797,False
271,500,0.02004008016032064,10,0.3769697429445216,False
272,500,0.02004008016032064,10,0.38377446497031414,False
273,500,0.02004008016032064,10,0.306778495955263,False
274,500,0.02004008016032064,10,0.3700547853457305,False
275,500,0.02004008016032064,10,0.3793937979637293,False
276,500,0.02004008016032064,10,0.3674898960886393,False
277,500,0.02004008016032064,10,0.35807848361753425,False
278,500,0.02004008016032064,10,0.3052899122664324,False
279,500,0.02004008016032064,10,0.3547849559269278,False
280,500,0.02004008016032064,10,0.36305355912496096,False
281,500,0.02004008016032064,10,0.362773257319068,False
282,500,0.02004008016032064,10,0.3390898354824977,False
283,500,0.02004008016032064,10,0.3777639828436293,False
284,500,0.02004008016032064,10,0.3657006512446751,False
285,500,0.02004008016032064,10,0.3678489222039402,False
286,500,0.02004008016032064,10,0.36426228280300027,False
287,500,0.02004008016032064,10,0.33746704554181856,False
288,500,0.02004008016032064,10,0.3477882828707649,False
289,500,0.02004008016032064,10,0.3481484576217736,False
290,500,0.02004008016032064,10,0.35421580848851636,False
291,500,0.02004008016032064,10,0.36274637977834545,False
292,500,0.02004008016032064,10,0.3458295646809616,False
293,500,0.02004008016032064,10,0.35401908698851986,False
294,500,0.02004008016032064,10,0.3694740547941906,False
295,500,0.02004008016032064,10,0.35970841797023473,False
296,500,0.02004008016032064,10,0.35931409172500967,False
297,500,0.02004008016032064,10,0.36983185257824336,False
298,500,0.02004008016032064,10,0.3632583140525734,False
299,500,0.02004008016032064,10,0.3660555591542029,False
300,500,0.02004008016032064,10,0.362207058105621,True
301,500,0.02004008016032064,10,0.3742431105542734,True
302,500,0.02004008016032064,10,0.3494088533371866,True
303,500,0.02004008016032064,10,0.26040521089326546,True
304,500,0.02004008016032064,10,0.3495638485914136,True
305,500,0.02004008016032064,10,0.29842093441099415,True
306,500,0.02004008016032064,10,0.35175449769102485,True
307,500,0.02004008016032064,10,0.3528299195456557,True
308,500,0.02004008016032064,10,0.3576416553190549,True
309,500,0.02004008016032064,10,0.35022452090776474,True
310,500,0.02004008016032064,10,0.33780843979850667,True
311,500,0.02004008016032064,10,0.3389367885469968,True
312,500,0.02004008016032064,10,0.35481380874747764,True
313,500,0.02004008016032064,10,0.34856991240418916,True
314,500,0.02004008016032064,10,0.3722835349992864,True
315,500,0.02004008016032064,10,0.3617817589641623,True
316,500,0.02004008016032064,10,0.35150477820291554,True
317,500,0.02004008016032064,10,0.35895473858193994,True
318,500,0.02004008016032064,10,0.2776392840567304,True
319,500,0.02004008016032064,10,0.3342977338505465,True
320,500,0.02004008016032064,10,0.3666088172128886,True
321,500,0.02004008016032064,10,0.3326081714703694,True
322,500,0.02004008016032064,10,0.3483828408174477,True
323,500,0.02004008016032064,10,0.3565333636692928,True
324,500,0.02004008016032064,10,0.37393639003476764,True
325,500,0.02004008016032064,10,0.3422848749458583,True
326,500,0.02004008016032064,10,0.3541932397850453,True
327,500,0.02004008016032064,10,0.3229106452326438,True
328,500,0.02004008016032064,10,0.3361448369406244,True
329,500,0.02004008016032064,10,0.39134158664852237,True
330,500,0.02004008016032064,10,0.3458491447349795,True
331,500,0.02004008016032064,10,0.36462065444753416,True
332,500,0.02004008016032064,10,0.35509982729013834,True
333,500,0.02004008016032064,10,0.3497829054268437,True
334,500,0.02004008016032064,10,0.3716749381751251,True
335,500,0.02004008016032064,10,0.36189581133270293,True
336,500,0.02004008016032064,10,0.34760674708337613,True
337,500,0.02004008016032064,10,0.3447106649175992,True
338,500,0.02004008016032064,10,0.3613522840304801,True
339,500,0.02004008016032064,10,0.3557135851671223,True
340,500,0.02004008016032064,10,0.3546232210959009,True
341,500,0.02004008016032064,10,0.3721919958938376,True
342,500,0.02004008016032064,10,0.3327755046227898,True
343,500,0.02004008016032064,10,0.3598946295425323,True
344,500,0.02004008016032064,10,0.37992221220786504,True
345,500,0.02004008016032064,10,0.3326433165600534,True
346,500,0.02004008016032064,10,0.37299191396266906,True
347,500,0.02004008016032064,10,0.32464975971633225,True
348,500,0.02004008016032064,10,0.35393182094409653,True
349,500,0.02004008016032064,10,0.31547801419678256,True
350,500,0.02004008016032064,10,0.34737991959057235,True
351,500,0.02004008016032064,10,0.32524888537214997,True
352,500,0.02004008016032064,10,0.37113560716122246,True
353,500,0.02004008016032064,10,0.34637879693312595,True
354,500,0.02004008016032064,10,0.3715256203183294,True
355,500,0.02004008016032064,10,0.340818956726864,True
356,500,0.02004008016032064,10,0.3780182963648215,True
357,500,0.02004008016032064,10,0.3927792667222227,True
358,500,0.02004008016032064,10,0.36577559427545026,True
359,500,0.02004008016032064,10,0.3466465095880866,True
360,500,0.02004008016032064,10,0.36310676412869924,True
361,500,0.02004008016032064,10,0.36083445439335404,True
362,500,0.02004008016032064,10,0.35108184324090624,True
363,500,0.02004008016032064,10,0.3584099498897852,True
364,500,0.02004008016032064,10,0.35370584144136963,True
365,500,0.02004008016032064,10,0.36900637741023584,True
366,500,0.02004008016032064,10,0.3492871026227762,True
367,500,0.02004008016032064,10,0.3724974469317733,True
368,500,0.02004008016032064,10,0.3010799190929446,True
369,500,0.02004008016032064,10,0.3774434770411,True
370,500,0.02004008016032064,10,0.38287729629518463,True
371,500,0.02004008016032064,10,0.3602051977354179,True
372,500,0.02004008016032064,10,0.3273229926674454,True
373,500,0.02004008016032064,10,0.37211099304819606,True
374,500,0.02004008016032064,10,0.35966556669248545,True
375,500,0.02004008016032064,10,0.36465247457475075,True
376,500,0.02004008016032064,10,0.3519617708192171,True
377,500,0.02004008016032064,10,0.3618985689101527,True
378,500,0.02004008016032064,10,0.3387219098666409,True
379,500,0.02004008016032064,10,0.3685051064443314,True
380,500,0.02004008016032064,10,0.3601369018523995,True
381,500,0.02004008016032064,10,0.37336668717277877,True
382,500,0.02004008016032064,10,0.3902591821398168,True
383,500,0.02004008016032064,10,0.3727414586597625,True
384,500,0.02004008016032064,10,0.3540299249208266,True
385,500,0.02004008016032064,10,0.3392246902602493,True
386,500,0.02004008016032064,10,0.3526431483671139,True
387,500,0.02004008016032064,10,0.3430471051184866,True
388,500,0.02004008016032064,10,0.36936885673242126,True
389,500,0.02004008016032064,10,0.35861080562237124,True
390,500,0.02004008016032064,10,0.3386625736212521,True
391,500,0.02004008016032064,10,0.35064011743093315,True
392,500,0.02004008016032064,10,0.36098633287902593,True
393,500,0.02004008016032064,10,0.3635884473904926,True
394,500,0.02004008016032064,10,0.3602426934291053,True
395,500,0.02004008016032064,10,0.37664481688199314,True
396,500,0.02004008016032064,10,0.36429218341900454,True
397,500,0.02004008016032064,10,0.32699901922419156,True
398,500,0.02004008016032064,10,0.3338884283103995,True
399,500,0.02004008016032064,10,0.3459635046383784,True
400,500,0.028056112224448898,14,0.4314004772201788,False
401,500,0.028056112224448898,14,0.4247477132644182,False
402,500,0.028056112224448898,14,0.430558819643425,False
403,500,0.028056112224448898,14,0.4452076625485663,False
404,500,0.028056112224448898,14,0.444349194482043,False
405,500,0.028056112224448898,14,0.43099938710568647,False
406,500,0.028056112224448898,14,0.4316089843735712,False
407,500,0.028056112224448898,14,0.4192500212650617,False
408,500,0.028056112224448898,14,0.426386058367828,False
409,500,0.028056112224448898,14,0.43672035840665635,False
410,500,0.028056112224448898,14,0.4327873929114427,False
411,500,0.028056112224448898,14,0.4079280717035439,False
412,500,0.028056112224448898,14,0.45084829839050694,False
413,500,0.028056112224448898,14,0.4358535945752531,False
414,500,0.028056112224448898,14,0.4134860071523402,False
415,500,0.028056112224448898,14,0.4398687851635171,False
416,500,0.028056112224448898,14,0.4325676172377791,False
417,500,0.028056112224448898,14,0.4105781803768144,False
418,500,0.028056112224448898,14,0.4067996376345389,False
419,500,0.028056112224448898,14,0.43145113385348155,False
420,500,0.028056112224448898,14,0.4334052094746955,False
421,500,0.028056112224448898,14,0.4281542604865275,False
422,500,0.028056112224448898,14,0.4377445401506699,False
423,500,0.028056112224448898,14,0.4259234048399041,False
424,500,0.028056112224448898,14,0.4031694779599246,False
425,500,0.028056112224448898,14,0.42573547789653404,False
426,500,0.028056112224448898,14,0.42729144677221365,False
427,500,0.028056112224448898,14,0.43587788639367636,False
428,500,0.028056112224448898,14,0.39497155554582336,False
429,500,0.028056112224448898,14,0.42625977673920606,False
430,500,0.028056112224448898,14,0.42052938994097216,False
431,500,0.028056112224448898,14,0.42111773867171876,False
432,500,0.028056112224448898,14,0.41961566824363017,False
433,500,0.028056112224448898,14,0.4082279086167433,False
434,500,0.028056112224448898,14,0.4338799687913875,False
435,500,0.028056112224448898,14,0.4395360632356888,False
436,500,0.028056112224448898,14,0.4550782834377544,False
437,500,0.028056112224448898,14,0.4463090028664971,False
438,500,0.028056112224448898,14,0.4361661159684854,False
439,500,0.028056112224448898,14,0.4106548051235921,False
440,500,0.028056112224448898,14,0.4029732853360028,False
441,500,0.028056112224448898,14,0.4202866708282134,False
442,500,0.028056112224448898,14,0.4084560248161512,False
443,500,0.028056112224448898,14,0.42541304997052054,False
444,500,0.028056112224448898,14,0.42402936979519773,False
445,500,0.028056112224448898,14,0.4304797137380467,False
446,500,0.028056112224448898,14,0.44532526217980284,False
447,500,0.028056112224448898,14,0.44514930032374755,False
448,500,0.028056112224448898,14,0.43958803652107237,False
449,500,0.028056112224448898,14,0.413646542091422,False
450,500,0.028056112224448898,14,0.41261644905718253,False
451,500,0.028056112224448898,14,0.43069127278224656,False
452,500,0.028056112224448898,14,0.4301114084266666,False
453,500,0.028056112224448898,14,0.4287382367615829,False
454,500,0.028056112224448898,14,0.39428050194029557,False
455,500,0.028056112224448898,14,0.40664606718879936,False
456,500,0.028056112224448898,14,0.4179999537984519,False
457,500,0.028056112224448898,14,0.42925139479819047,False
458,500,0.028056112224448898,14,0.4311294111575101,False
459,500,0.028056112224448898,14,0.43379125856517053,False
460,500,0.028056112224448898,14,0.4330358229141001,False
461,500,0.028056112224448898,14,0.4346062312141072,False
462,500,0.028056112224448898,14,0.4158435932231705,False
463,500,0.028056112224448898,14,0.4057904368295846,False
464,500,0.028056112224448898,14,0.43844781844376707,False
465,500,0.028056112224448898,14,0.43966223015563677,False
466,500,0.028056112224448898,14,0.4174486137965305,False
467,500,0.028056112224448898,14,0.4146210086888497,False
468,500,0.028056112224448898,14,0.4332172539304437,False
469,500,0.028056112224448898,14,0.4108931743843733,False
470,500,0.028056112224448898,14,0.4376801343940627,False
471,500,0.028056112224448898,14,0.4171094894198939,False
472,500,0.028056112224448898,14,0.4146854263336616,False
473,500,0.028056112224448898,14,0.4379414273301651,False
474,500,0.028056112224448898,14,0.45811760561901127,False
475,500,0.028056112224448898,14,0.4240445762436353,False
476,500,0.028056112224448898,14,0.41573658484377585,False
477,500,0.028056112224448898,14,0.4343702459506929,False
478,500,0.028056112224448898,14,0.4221277169961156,False
479,500,0.028056112224448898,14,0.42062492563920706,False
480,500,0.028056112224448898,14,0.43155267121647917,False
481,500,0.028056112224448898,14,0.4414467943441102,False
482,500,0.028056112224448898,14,0.42326443008857656,False
483,500,0.028056112224448898,14,0.43668556135204567,False
484,500,0.028056112224448898,14,0.44320154848090226,False
485,500,0.028056112224448898,14,0.43449300024719184,False
486,500,0.028056112224448898,14,0.4283306089074696,False
487,500,0.028056112224448898,14,0.4258519418557157,False
488,500,0.028056112224448898,14,0.4111941806701018,False
489,500,0.028056112224448898,14,0.42919590465623597,False
490,500,0.028056112224448898,14,0.4440441584737977,False
491,500,0.028056112224448898,14,0.387564962255032,False
492,500,0.028056112224448898,14,0.4034113825394162,False
493,500,0.028056112224448898,14,0.4066057455271847,False
494,500,0.028056112224448898,14,0.4352426115811077,False
495,500,0.028056112224448898,14,0.4132280778878024,False
496,500,0.028056112224448898,14,0.44049243047240677,False
497,500,0.028056112224448898,14,0.48078322607683427,False
498,500,0.028056112224448898,14,0.4230285017671742,False
499,500,0.028056112224448898,14,0.4270681830232455,False
500,500,0.028056112224448898,14,0.426702876169607,True
501,500,0.028056112224448898,14,0.4140400686098237,True
502,500,0.028056112224448898,14,0.43740776913426543,True
503,500,0.028056112224448898,14,0.4382330172494334,True
504,500,0.028056112224448898,14,0.4392268827991911,True
505,500,0.028056112224448898,14,0.4282288119495845,True
506,500,0.028056112224448898,14,0.4366767276362058,True
507,500,0.028056112224448898,14,0.39180251770239155,True
508,500,0.028056112224448898,14,0.4201357330890884,True
509,500,0.028056112224448898,14,0.4259614393290214,True
510,500,0.028056112224448898,14,0.4043341565930749,True
511,500,0.028056112224448898,14,0.4313883418718088,True
512,500,0.028056112224448898,14,0.4197784730784397,True
513,500,0.028056112224448898,14,0.4209062595289117,True
514,500,0.028056112224448898,14,0.4429325651476291,True
515,500,0.028056112224448898,14,0.4319910546039219,True
516,500,0.028056112224448898,14,0.43975682145111605,True
517,500,0.028056112224448898,14,0.4322722756690596,True
518,500,0.028056112224448898,14,0.44049219780003385,True
519,500,0.028056112224448898,14,0.4136062144552829,True
520,500,0.028056112224448898,14,0.43554092023461327,True
521,500,0.028056112224448898,14,0.42823947569619886,True
522,500,0.028056112224448898,14,0.4325943342337755,True
523,500,0.028056112224448898,14,0.4211281957059365,True
524,500,0.028056112224448898,14,0.4267244268502379,True
525,500,0.028056112224448898,14,0.4162796227184746,True
526,500,0.028056112224448898,14,0.42463123148553883,True
527,500,0.028056112224448898,14,0.44147836997001483,True
528,500,0.028056112224448898,14,0.4418966938303478,True
529,500,0.028056112224448898,14,0.43078493899050857,True
530,500,0.028056112224448898,14,0.4153570960758944,True
531,500,0.028056112224448898,14,0.4233492904383573,True
532,500,0.028056112224448898,14,0.4353577652445315,True
533,500,0.028056112224448898,14,0.4447390799805779,True
534,500,0.028056112224448898,14,0.4508472329269364,True
535,500,0.028056112224448898,14,0.42122716607558575,True
536,500,0.028056112224448898,14,0.40422980814084647,True
537,500,0.028056112224448898,14,0.42093995444309024,True
538,500,0.028056112224448898,14,0.44562419737560754,True
539,500,0.028056112224448898,14,0.4392047613530013,True
540,500,0.028056112224448898,14,0.4331188113798769,True
541,500,0.028056112224448898,14,0.43214175894162166,True
542,500,0.028056112224448898,14,0.42210780068092013,True
543,500,0.028056112224448898,14,0.40805196173438985,True
544,500,0.028056112224448898,14,0.3955711782131634,True
545,500,0.028056112224448898,14,0.37400186961223375,True
546,500,0.028056112224448898,14,0.42299270618076545,True
547,500,0.028056112224448898,14,0.436741780403063,True
548,500,0.028056112224448898,14,0.4364424027304678,True
549,500,0.028056112224448898,14,0.41654967871833753,True
550,500,0.028056112224448898,14,0.4192499771395958,True
551,500,0.028056112224448898,14,0.45963087120978213,True
552,500,0.028056112224448898,14,0.4309011140335637,True
553,500,0.028056112224448898,14,0.42935869683333516,True
554,500,0.028056112224448898,14,0.41432088566261205,True
555,500,0.028056112224448898,14,0.42708141574616115,True
556,500,0.028056112224448898,14,0.434382281872487,True
557,500,0.028056112224448898,14,0.4222948778688846,True
558,500,0.028056112224448898,14,0.4269152625313653,True
559,500,0.028056112224448898,14,0.42370880490581814,True
560,500,0.028056112224448898,14,0.4261753277490795,True
561,500,0.028056112224448898,14,0.4141146518273278,True
562,500,0.028056112224448898,14,0.44655988506623123,True
563,500,0.028056112224448898,14,0.43206627288389204,True
564,500,0.028056112224448898,14,0.4375610494496007,True
565,500,0.028056112224448898,14,0.4236418280479635,True
566,500,0.028056112224448898,14,0.4117333157194425,True
567,500,0.028056112224448898,14,0.40453566770851346,True
568,500,0.028056112224448898,14,0.44143232125093684,True
569,500,0.028056112224448898,14,0.40948573366399155,True
570,500,0.028056112224448898,14,0.41982830920516095,True
571,500,0.028056112224448898,14,0.43033401600092425,True
572,500,0.028056112224448898,14,0.4208165626299523,True
573,500,0.028056112224448898,14,0.42915033812189,True
574,500,0.028056112224448898,14,0.40196041851606945,True
575,500,0.028056112224448898,14,0.42982051260397325,True
576,500,0.028056112224448898,14,0.4179382541257343,True
577,500,0.028056112224448898,14,0.40404811363383597,True
578,500,0.028056112224448898,14,0.4390472999254218,True
579,500,0.028056112224448898,14,0.42954236802029216,True
580,500,0.028056112224448898,14,0.4419202693871703,True
581,500,0.028056112224448898,14,0.42564620712156837,True
582,500,0.028056112224448898,14,0.41841602549435025,True
583,500,0.028056112224448898,14,0.41876118896765546,True
584,500,0.028056112224448898,14,0.4082864877959639,True
585,500,0.028056112224448898,14,0.4466947180674743,True
586,500,0.028056112224448898,14,0.40981266412868556,True
587,500,0.028056112224448898,14,0.4220547638309219,True
588,500,0.028056112224448898,14,0.41739659595493495,True
589,500,0.028056112224448898,14,0.4091743689952028,True
590,500,0.028056112224448898,14,0.4349958402169591,True
591,500,0.028056112224448898,14,0.44810939906570474,True
592,500,0.028056112224448898,14,0.4109863365912951,True
593,500,0.028056112224448898,14,0.43478035821771316,True
594,500,0.028056112224448898,14,0.42381824451243627,True
595,500,0.028056112224448898,14,0.4127424081076326,True
596,500,0.028056112224448898,14,0.43808685659827784,True
597,500,0.028056112224448898,14,0.43251771365927355,True
598,500,0.028056112224448898,14,0.41566220873953535,True
599,500,0.028056112224448898,14,0.4137930592408222,True
600,500,0.036072144288577156,18,0.4547175701523019,False
601,500,0.036072144288577156,18,0.45050757318837253,False
602,500,0.036072144288577156,18,0.4456481397246215,False
603,500,0.036072144288577156,18,0.471300486634769,False
604,500,0.036072144288577156,18,0.4499883572963917,False
605,500,0.036072144288577156,18,0.4448226025953141,False
606,500,0.036072144288577156,18,0.44398172083901105,False
607,500,0.036072144288577156,18,0.46123233500091504,False
608,500,0.036072144288577156,18,0.4665410296166788,False
609,500,0.036072144288577156,18,0.4513025171105563,False
610,500,0.036072144288577156,18,0.4400549270378141,False
611,500,0.036072144288577156,18,0.43045401032472347,False
612,500,0.036072144288577156,18,0.4607341460534647,False
613,500,0.036072144288577156,18,0.4508893295342322,False
614,500,0.036072144288577156,18,0.4495269324388549,False
615,500,0.036072144288577156,18,0.45392188419816143,False
616,500,0.036072144288577156,18,0.431157585092388,False
617,500,0.036072144288577156,18,0.4582933425720149,False
618,500,0.036072144288577156,18,0.44102325676076126,False
619,500,0.036072144288577156,18,0.4484545771213962,False
620,500,0.036072144288577156,18,0.4619775184777938,False
621,500,0.036072144288577156,18,0.45060266513716407,False
622,500,0.036072144288577156,18,0.47317915632289836,False
623,500,0.036072144288577156,18,0.455308179195748,False
624,500,0.036072144288577156,18,0.46810665750670344,False
625,500,0.036072144288577156,18,0.4638308515437371,False
626,500,0.036072144288577156,18,0.46088572945336703,False
627,500,0.036072144288577156,18,0.4495850519344136,False
628,500,0.036072144288577156,18,0.46103419053716593,False
629,500,0.036072144288577156,18,0.43510662184410936,False
630,500,0.036072144288577156,18,0.45069130279460795,False
631,500,0.036072144288577156,18,0.45507805884831043,False
632,500,0.036072144288577156,18,0.44310673856205723,False
633,500,0.036072144288577156,18,0.45484649881871403,False
634,500,0.036072144288577156,18,0.4513726704244802,False
635,500,0.036072144288577156,18,0.46164786048394224,False
636,500,0.036072144288577156,18,0.42776089287765057,False
637,500,0.036072144288577156,18,0.44648218838183296,False
638,500,0.036072144288577156,18,0.4440653776636768,False
639,500,0.036072144288577156,18,0.4488680484524911,False
640,500,0.036072144288577156,18,0.4562560757178976,False
641,500,0.036072144288577156,18,0.43830837973244186,False
642,500,0.036072144288577156,18,0.4458766653615915,False
643,500,0.036072144288577156,18,0.4650783994346456,False
644,500,0.036072144288577156,18,0.47362582677391274,False
645,500,0.036072144288577156,18,0.45845495947692755,False
646,500,0.036072144288577156,18,0.46689887800093405,False
647,500,0.036072144288577156,18,0.44340457436555675,False
648,500,0.036072144288577156,18,0.4442919731469205,False
649,500,0.036072144288577156,18,0.4815392609200411,False
650,500,0.036072144288577156,18,0.4369625304236781,False
651,500,0.036072144288577156,18,0.4480061505873964,False
652,500,0.036072144288577156,18,0.44913871471399613,False
653,500,0.036072144288577156,18,0.4714048418060142,False
654,500,0.036072144288577156,18,0.45711395159126544,False
655,500,0.036072144288577156,18,0.4592033855094823,False
656,500,0.036072144288577156,18,0.4374003222347683,False
657,500,0.036072144288577156,18,0.47196431093196733,False
658,500,0.036072144288577156,18,0.4488345216562456,False
659,500,0.036072144288577156,18,0.4443931357373503,False
660,500,0.036072144288577156,18,0.4251149856176915,False
661,500,0.036072144288577156,18,0.4569154198284542,False
662,500,0.036072144288577156,18,0.4512454695762199,False
663,500,0.036072144288577156,18,0.44642358531393334,False
664,500,0.036072144288577156,18,0.4574380261121958,False
665,500,0.036072144288577156,18,0.45986480337178365,False
666,500,0.036072144288577156,18,0.4301668738769292,False
667,500,0.036072144288577156,18,0.46499889114784015,False
668,500,0.036072144288577156,18,0.4701830476214523,False
669,500,0.036072144288577156,18,0.45817134714444235,False
670,500,0.036072144288577156,18,0.46452979731722976,False
671,500,0.036072144288577156,18,0.4480586691538474,False
672,500,0.036072144288577156,18,0.4448794712142402,False
673,500,0.036072144288577156,18,0.434694435533156,False
674,500,0.036072144288577156,18,0.44884251345470316,False
675,500,0.036072144288577156,18,0.45347536309242453,False
676,500,0.036072144288577156,18,0.46046438123188665,False
677,500,0.036072144288577156,18,0.46870035937617416,False
678,500,0.036072144288577156,18,0.45955843052359846,False
679,500,0.036072144288577156,18,0.46015354674441195,False
680,500,0.036072144288577156,18,0.4181432776744803,False
681,500,0.036072144288577156,18,0.42533402592760705,False
682,500,0.036072144288577156,18,0.4541524592059647,False
683,500,0.036072144288577156,18,0.4725072687314006,False
684,500,0.036072144288577156,18,0.452757246410816,False
685,500,0.036072144288577156,18,0.45079317949032316,False
686,500,0.036072144288577156,18,0.44558466646187345,False
687,500,0.036072144288577156,18,0.4438574882809579,False
688,500,0.036072144288577156,18,0.4375704082716031,False
689,500,0.036072144288577156,18,0.44005484239109477,False
690,500,0.036072144288577156,18,0.4331203021346298,False
691,500,0.036072144288577156,18,0.45826631270667134,False
692,500,0.036072144288577156,18,0.47072738729541597,False
693,500,0.036072144288577156,18,0.44541335130141724,False
694,500,0.036072144288577156,18,0.4439220843939557,False
695,500,0.036072144288577156,18,0.43458953497639086,False
696,500,0.036072144288577156,18,0.465425971269642,False
697,500,0.036072144288577156,18,0.4093731153936444,False
698,500,0.036072144288577156,18,0.4364884409047685,False
699,500,0.036072144288577156,18,0.44442294939179483,False
700,500,0.036072144288577156,18,0.4108093195829483,True
701,500,0.036072144288577156,18,0.41197648804794174,True
702,500,0.036072144288577156,18,0.4501702877497259,True
703,500,0.036072144288577156,18,0.45154901154056776,True
704,500,0.036072144288577156,18,0.44275135388666464,True
705,500,0.036072144288577156,18,0.4367818325153835,True
706,500,0.036072144288577156,18,0.4411682553899697,True
707,500,0.036072144288577156,18,0.456841719926319,True
708,500,0.036072144288577156,18,0.49284905883624297,True
709,500,0.036072144288577156,18,0.45552048197421796,True
710,500,0.036072144288577156,18,0.4593297384536958,True
711,500,0.036072144288577156,18,0.46520337602305356,True
712,500,0.036072144288577156,18,0.44521870918452605,True
713,500,0.036072144288577156,18,0.4534405127146908,True
714,500,0.036072144288577156,18,0.45631148321665127,True
715,500,0.036072144288577156,18,0.46946950452322844,True
716,500,0.036072144288577156,18,0.46245949787367435,True
717,500,0.036072144288577156,18,0.4712728653987649,True
718,500,0.036072144288577156,18,0.43799566514725385,True
719,500,0.036072144288577156,18,0.43668134256930996,True
720,500,0.036072144288577156,18,0.45237723722929196,True
721,500,0.036072144288577156,18,0.45426520375235374,True
722,500,0.036072144288577156,18,0.438903148713151,True
723,500,0.036072144288577156,18,0.4372078164901672,True
724,500,0.036072144288577156,18,0.44898754657965306,True
725,500,0.036072144288577156,18,0.43809990207742033,True
726,500,0.036072144288577156,18,0.46241223334252546,True
727,500,0.036072144288577156,18,0.44222819513551137,True
728,500,0.036072144288577156,18,0.4551757679892248,True
729,500,0.036072144288577156,18,0.4622940630370488,True
730,500,0.036072144288577156,18,0.45223360535950996,True
731,500,0.036072144288577156,18,0.4599878627869256,True
732,500,0.036072144288577156,18,0.4533814738490821,True
733,500,0.036072144288577156,18,0.4407218625403471,True
734,500,0.036072144288577156,18,0.41575021245280713,True
735,500,0.036072144288577156,18,0.4554720287914842,True
736,500,0.036072144288577156,18,0.44743259823098636,True
737,500,0.036072144288577156,18,0.4599194859439809,True
738,500,0.036072144288577156,18,0.4558309272143801,True
739,500,0.036072144288577156,18,0.44323615437704633,True
740,500,0.036072144288577156,18,0.4658035241815881,True
741,500,0.036072144288577156,18,0.44650412417206403,True
742,500,0.036072144288577156,18,0.44116707518436965,True
743,500,0.036072144288577156,18,0.4574391476597004,True
744,500,0.036072144288577156,18,0.4765948969987012,True
745,500,0.036072144288577156,18,0.4598830742199657,True
746,500,0.036072144288577156,18,0.45117279475298777,True
747,500,0.036072144288577156,18,0.44327799264315426,True
748,500,0.036072144288577156,18,0.4393506253322299,True
749,500,0.036072144288577156,18,0.441128661796006,True
750,500,0.036072144288577156,18,0.43854860715087474,True
751,500,0.036072144288577156,18,0.456023964148856,True
752,500,0.036072144288577156,18,0.4136582420308785,True
753,500,0.036072144288577156,18,0.4230327191268706,True
754,500,0.036072144288577156,18,0.47463515755977376,True
755,500,0.036072144288577156,18,0.44023356729819857,True
756,500,0.036072144288577156,18,0.44787611805926875,True
757,500,0.036072144288577156,18,0.46234181730904217,True
758,500,0.036072144288577156,18,0.46071700724826536,True
759,500,0.036072144288577156,18,0.4577479549155305,True
760,500,0.036072144288577156,18,0.44547243281776255,True
761,500,0.036072144288577156,18,0.47073892776654924,True
762,500,0.036072144288577156,18,0.4175427859236534,True
763,500,0.036072144288577156,18,0.4465662315761847,True
764,500,0.036072144288577156,18,0.46783488486403524,True
765,500,0.036072144288577156,18,0.46700462775974433,True
766,500,0.036072144288577156,18,0.45562678650485683,True
767,500,0.036072144288577156,18,0.4456496376516051,True
768,500,0.036072144288577156,18,0.45056495767595284,True
769,500,0.036072144288577156,18,0.4532564963459174,True
770,500,0.036072144288577156,18,0.45643324952357756,True
771,500,0.036072144288577156,18,0.4542176926541328,True
772,500,0.036072144288577156,18,0.4644010984909175,True
773,500,0.036072144288577156,18,0.4478343875856433,True
774,500,0.036072144288577156,18,0.45361387336939607,True
775,500,0.036072144288577156,18,0.4584924865901852,True
776,500,0.036072144288577156,18,0.43160395858454165,True
777,500,0.036072144288577156,18,0.42336508040381265,True
778,500,0.036072144288577156,18,0.4544388051119367,True
779,500,0.036072144288577156,18,0.4440692799083443,True
780,500,0.036072144288577156,18,0.44435449524227705,True
781,500,0.036072144288577156,18,0.481160325873939,True
782,500,0.036072144288577156,18,0.4688709641485787,True
783,500,0.036072144288577156,18,0.44175345901570445,True
784,500,0.036072144288577156,18,0.4397172650192887,True
785,500,0.036072144288577156,18,0.40605796015943746,True
786,500,0.036072144288577156,18,0.43907015662888077,True
787,500,0.036072144288577156,18,0.444999298356189,True
788,500,0.036072144288577156,18,0.44767448378409147,True
789,500,0.036072144288577156,18,0.45401810477120697,True
790,500,0.036072144288577156,18,0.45795255964948944,True
791,500,0.036072144288577156,18,0.4667529388350384,True
792,500,0.036072144288577156,18,0.44426272649725274,True
793,500,0.036072144288577156,18,0.455926469111647,True
794,500,0.036072144288577156,18,0.4498733202966698,True
795,500,0.036072144288577156,18,0.4377503016304575,True
796,500,0.036072144288577156,18,0.45606107148807434,True
797,500,0.036072144288577156,18,0.45027547077537,True
798,500,0.036072144288577156,18,0.41651600020561513,True
799,500,0.036072144288577156,18,0.44208085916719025,True
800,500,0.04408817635270541,22,0.45277913352382915,False
801,500,0.04408817635270541,22,0.47172192550621367,False
802,500,0.04408817635270541,22,0.43657193508588094,False
803,500,0.04408817635270541,22,0.4734631226571865,False
804,500,0.04408817635270541,22,0.4710613653020964,False
805,500,0.04408817635270541,22,0.4736157043721338,False
806,500,0.04408817635270541,22,0.4640353461124583,False
807,500,0.04408817635270541,22,0.46901335066732996,False
808,500,0.04408817635270541,22,0.48124542865241604,False
809,500,0.04408817635270541,22,0.4613820212932888,False
810,500,0.04408817635270541,22,0.4699585209592619,False
811,500,0.04408817635270541,22,0.4639373515758393,False
812,500,0.04408817635270541,22,0.45981934959107473,False
813,500,0.04408817635270541,22,0.461627676427338,False
814,500,0.04408817635270541,22,0.47452084034602626,False
815,500,0.04408817635270541,22,0.4725668907408813,False
816,500,0.04408817635270541,22,0.47294139010140196,False
817,500,0.04408817635270541,22,0.4435092740900885,False
818,500,0.04408817635270541,22,0.4459092241966817,False
819,500,0.04408817635270541,22,0.48277429637531966,False
820,500,0.04408817635270541,22,0.46402140592266583,False
821,500,0.04408817635270541,22,0.48235337755631813,False
822,500,0.04408817635270541,22,0.46312237398582673,False
823,500,0.04408817635270541,22,0.4467692172701328,False
824,500,0.04408817635270541,22,0.45497359470858423,False
825,500,0.04408817635270541,22,0.4650109586639715,False
826,500,0.04408817635270541,22,0.45733831588037643,False
827,500,0.04408817635270541,22,0.45848200444816334,False
828,500,0.04408817635270541,22,0.4751139172046483,False
829,500,0.04408817635270541,22,0.4695891066650845,False
830,500,0.04408817635270541,22,0.47314234046787423,False
831,500,0.04408817635270541,22,0.48643937783976404,False
832,500,0.04408817635270541,22,0.44683871795611596,False
833,500,0.04408817635270541,22,0.4854757885010933,False
834,500,0.04408817635270541,22,0.4661994845907252,False
835,500,0.04408817635270541,22,0.4636870805198827,False
836,500,0.04408817635270541,22,0.4825807626418614,False
837,500,0.04408817635270541,22,0.47481396742612686,False
838,500,0.04408817635270541,22,0.4653089046492863,False
839,500,0.04408817635270541,22,0.4616167307852437,False
840,500,0.04408817635270541,22,0.42296738489143865,False
841,500,0.04408817635270541,22,0.464246646194961,False
842,500,0.04408817635270541,22,0.47936833610493307,False
843,500,0.04408817635270541,22,0.47780224732547594,False
844,500,0.04408817635270541,22,0.4787728107817054,False
845,500,0.04408817635270541,22,0.4846457812438529,False
846,500,0.04408817635270541,22,0.4662178102711379,False
847,500,0.04408817635270541,22,0.43473019716425115,False
848,500,0.04408817635270541,22,0.46054870353129435,False
849,500,0.04408817635270541,22,0.45841833454522335,False
850,500,0.04408817635270541,22,0.46345070483080647,False
851,500,0.04408817635270541,22,0.4534175371100191,False
852,500,0.04408817635270541,22,0.44997887375795514,False
853,500,0.04408817635270541,22,0.446729948815167,False
854,500,0.04408817635270541,22,0.4605647243811376,False
855,500,0.04408817635270541,22,0.4735759658046464,False
856,500,0.04408817635270541,22,0.44786885413509325,False
857,500,0.04408817635270541,22,0.46543825099930264,False
858,500,0.04408817635270541,22,0.4797931450319297,False
859,500,0.04408817635270541,22,0.4546945202729431,False
860,500,0.04408817635270541,22,0.46294366224046135,False
861,500,0.04408817635270541,22,0.483045516997542,False
862,500,0.04408817635270541,22,0.4650894217203714,False
863,500,0.04408817635270541,22,0.47007527534131943,False
864,500,0.04408817635270541,22,0.5039689984291285,False
865,500,0.04408817635270541,22,0.4590553018411738,False
866,500,0.04408817635270541,22,0.46782724039350054,False
867,500,0.04408817635270541,22,0.4549998194506199,False
868,500,0.04408817635270541,22,0.4842143559434274,False
869,500,0.04408817635270541,22,0.4661229032423341,False
870,500,0.04408817635270541,22,0.449630404049907,False
871,500,0.04408817635270541,22,0.46875939101381375,False
872,500,0.04408817635270541,22,0.4654747245176055,False
873,500,0.04408817635270541,22,0.4654108850811536,False
874,500,0.04408817635270541,22,0.46305392397663725,False
875,500,0.04408817635270541,22,0.4743185598294562,False
876,500,0.04408817635270541,22,0.4734952544827602,False
877,500,0.04408817635270541,22,0.45905528340369256,False
878,500,0.04408817635270541,22,0.4620771682257423,False
879,500,0.04408817635270541,22,0.46696890242099415,False
880,500,0.04408817635270541,22,0.4569991353606403,False
881,500,0.04408817635270541,22,0.4657578444820732,False
882,500,0.04408817635270541,22,0.4606296012012717,False
883,500,0.04408817635270541,22,0.4681104532639963,False
884,500,0.04408817635270541,22,0.4584809145322466,False
885,500,0.04408817635270541,22,0.45942911790486274,False
886,500,0.04408817635270541,22,0.46979748959709267,False
887,500,0.04408817635270541,22,0.4694087460481037,False
888,500,0.04408817635270541,22,0.471343162619158,False
889,500,0.04408817635270541,22,0.4746519796803304,False
890,500,0.04408817635270541,22,0.4745994508968549,False
891,500,0.04408817635270541,22,0.47837466960661407,False
892,500,0.04408817635270541,22,0.4557037080155165,False
893,500,0.04408817635270541,22,0.47399005282189083,False
894,500,0.04408817635270541,22,0.4590883600915411,False
895,500,0.04408817635270541,22,0.4471266358401456,False
896,500,0.04408817635270541,22,0.45951471373787056,False
897,500,0.04408817635270541,22,0.4549867860896166,False
898,500,0.04408817635270541,22,0.46148535125889795,False
899,500,0.04408817635270541,22,0.4583443766165312,False
900,500,0.04408817635270541,22,0.46805911013510815,True
901,500,0.04408817635270541,22,0.43392443515096624,True
902,500,0.04408817635270541,22,0.4577104850838525,True
903,500,0.04408817635270541,22,0.44100567854835765,True
904,500,0.04408817635270541,22,0.4718713329795185,True
905,500,0.04408817635270541,22,0.45631291170768756,True
906,500,0.04408817635270541,22,0.467905783801868,True
907,500,0.04408817635270541,22,0.45235514225365314,True
908,500,0.04408817635270541,22,0.46852859422544113,True
909,500,0.04408817635270541,22,0.4386902298402204,True
910,500,0.04408817635270541,22,0.46274317390342634,True
911,500,0.04408817635270541,22,0.46751990561936013,True
912,500,0.04408817635270541,22,0.465950107770011,True
913,500,0.04408817635270541,22,0.4849686086606389,True
914,500,0.04408817635270541,22,0.4698704876956957,True
915,500,0.04408817635270541,22,0.4767485937700177,True
916,500,0.04408817635270541,22,0.4699215680875437,True
917,500,0.04408817635270541,22,0.4600967419882436,True
918,500,0.04408817635270541,22,0.4589063677865477,True
919,500,0.04408817635270541,22,0.4690465591247786,True
920,500,0.04408817635270541,22,0.46324607619550795,True
921,500,0.04408817635270541,22,0.4695957290569194,True
922,500,0.04408817635270541,22,0.46219583933296005,True
923,500,0.04408817635270541,22,0.4839921961674094,True
924,500,0.04408817635270541,22,0.4739564346285969,True
925,500,0.04408817635270541,22,0.4623656923404456,True
926,500,0.04408817635270541,22,0.46493067449271636,True
927,500,0.04408817635270541,22,0.4575469983168427,True
928,500,0.04408817635270541,22,0.4922218762355077,True
929,500,0.04408817635270541,22,0.47525959641273563,True
930,500,0.04408817635270541,22,0.46186339833309414,True
931,500,0.04408817635270541,22,0.48682478179368976,True
932,500,0.04408817635270541,22,0.47618331923388707,True
933,500,0.04408817635270541,22,0.4728624982866382,True
934,500,0.04408817635270541,22,0.46868299873168023,True
935,500,0.04408817635270541,22,0.4737054597815096,True
936,500,0.04408817635270541,22,0.4617421671110176,True
937,500,0.04408817635270541,22,0.4783803132028205,True
938,500,0.04408817635270541,22,0.47635797467900365,True
939,500,0.04408817635270541,22,0.461034054821433,True
940,500,0.04408817635270541,22,0.45870457375366674,True
941,500,0.04408817635270541,22,0.45379142591876587,True
942,500,0.04408817635270541,22,0.44758461492191565,True
943,500,0.04408817635270541,22,0.48004527101102507,True
944,500,0.04408817635270541,22,0.45658467540486264,True
945,500,0.04408817635270541,22,0.4745335082776506,True
946,500,0.04408817635270541,22,0.4368811893935893,True
947,500,0.04408817635270541,22,0.4627587518137245,True
948,500,0.04408817635270541,22,0.463324963886023,True
949,500,0.04408817635270541,22,0.46556954438566084,True
950,500,0.04408817635270541,22,0.46248963232081464,True
951,500,0.04408817635270541,22,0.46133136513537304,True
952,500,0.04408817635270541,22,0.44634062353677434,True
953,500,0.04408817635270541,22,0.46770145439192956,True
954,500,0.04408817635270541,22,0.4624872882758797,True
955,500,0.04408817635270541,22,0.451521179339226,True
956,500,0.04408817635270541,22,0.4666665645936308,True
957,500,0.04408817635270541,22,0.45088680214788457,True
958,500,0.04408817635270541,22,0.4538796827539518,True
959,500,0.04408817635270541,22,0.45123241412654713,True
960,500,0.04408817635270541,22,0.4706763264181087,True
961,500,0.04408817635270541,22,0.48315423371490246,True
962,500,0.04408817635270541,22,0.46765019791241697,True
963,500,0.04408817635270541,22,0.46369902898572113,True
964,500,0.04408817635270541,22,0.46236915795027683,True
965,500,0.04408817635270541,22,0.4725683883945407,True
966,500,0.04408817635270541,22,0.4771577886682874,True
967,500,0.04408817635270541,22,0.47185562648483226,True
968,500,0.04408817635270541,22,0.4567894485109605,True
969,500,0.04408817635270541,22,0.4447230234973482,True
970,500,0.04408817635270541,22,0.4795521024681088,True
971,500,0.04408817635270541,22,0.4826317241825983,True
972,500,0.04408817635270541,22,0.44613719477449987,True
973,500,0.04408817635270541,22,0.4789085850302503,True
974,500,0.04408817635270541,22,0.47179464355395073,True
975,500,0.04408817635270541,22,0.4677581940050269,True
976,500,0.04408817635270541,22,0.46840128473912856,True
977,500,0.04408817635270541,22,0.46535234322803526,True
978,500,0.04408817635270541,22,0.46512650769898883,True
979,500,0.04408817635270541,22,0.4671568986198719,True
980,500,0.04408817635270541,22,0.46304821244602823,True
981,500,0.04408817635270541,22,0.4717158685178851,True
982,500,0.04408817635270541,22,0.438577291149931,True
983,500,0.04408817635270541,22,0.46869086168492907,True
984,500,0.04408817635270541,22,0.47202870643267436,True
985,500,0.04408817635270541,22,0.4729865401987706,True
986,500,0.04408817635270541,22,0.47547936553143993,True
987,500,0.04408817635270541,22,0.4491954936329274,True
988,500,0.04408817635270541,22,0.4622906740996066,True
989,500,0.04408817635270541,22,0.4652231525314957,True
990,500,0.04408817635270541,22,0.4876227624921637,True
991,500,0.04408817635270541,22,0.4732000847546774,True
992,500,0.04408817635270541,22,0.46056040350252175,True
993,500,0.04408817635270541,22,0.44755828764888006,True
994,500,0.04408817635270541,22,0.4679088477933533,True
995,500,0.04408817635270541,22,0.4735862131799202,True
996,500,0.04408817635270541,22,0.46917110334910583,True
997,500,0.04408817635270541,22,0.4755192084920779,True
998,500,0.04408817635270541,22,0.4849220451848581,True
999,500,0.04408817635270541,22,0.4496013048816081,True
1000,500,0.052104208416833664,26,0.46362604817211495,False
1001,500,0.052104208416833664,26,0.4882928632343696,False
1002,500,0.052104208416833664,26,0.48243781041381656,False
1003,500,0.052104208416833664,26,0.4812320233131605,False
1004,500,0.052104208416833664,26,0.4913233359914221,False
1005,500,0.052104208416833664,26,0.4458861451077078,False
1006,500,0.052104208416833664,26,0.4554878784000334,False
1007,500,0.052104208416833664,26,0.47068130348740767,False
1008,500,0.052104208416833664,26,0.4716631804310235,False
1009,500,0.052104208416833664,26,0.4773110986692621,False
1010,500,0.052104208416833664,26,0.4830562268710656,False
1011,500,0.052104208416833664,26,0.4659839699039212,False
1012,500,0.052104208416833664,26,0.47668082542991175,False
1013,500,0.052104208416833664,26,0.47201670265485973,False
1014,500,0.052104208416833664,26,0.4816246693292257,False
1015,500,0.052104208416833664,26,0.4832579134148057,False
1016,500,0.052104208416833664,26,0.4591665114770043,False
1017,500,0.052104208416833664,26,0.47261860956156554,False
1018,500,0.052104208416833664,26,0.4727071567012385,False
1019,500,0.052104208416833664,26,0.4824780143336608,False
1020,500,0.052104208416833664,26,0.4778832000116965,False
1021,500,0.052104208416833664,26,0.494116856152147,False
1022,500,0.052104208416833664,26,0.4702532688260634,False
1023,500,0.052104208416833664,26,0.4611500647052249,False
1024,500,0.052104208416833664,26,0.48334439006741853,False
1025,500,0.052104208416833664,26,0.46959853214214176,False
1026,500,0.052104208416833664,26,0.4617406102079363,False
1027,500,0.052104208416833664,26,0.4605982936728399,False
1028,500,0.052104208416833664,26,0.4803730771845909,False
1029,500,0.052104208416833664,26,0.45939330181652915,False
1030,500,0.052104208416833664,26,0.4818956547928407,False
1031,500,0.052104208416833664,26,0.48498460539465715,False
1032,500,0.052104208416833664,26,0.49161268731851715,False
1033,500,0.052104208416833664,26,0.4742256348602681,False
1034,500,0.052104208416833664,26,0.4841271109818688,False
1035,500,0.052104208416833664,26,0.4707026280173568,False
1036,500,0.052104208416833664,26,0.4609453973078211,False
1037,500,0.052104208416833664,26,0.47177609439117596,False
1038,500,0.052104208416833664,26,0.48710581242383383,False
1039,500,0.052104208416833664,26,0.4917568694710916,False
1040,500,0.052104208416833664,26,0.4629839160587608,False
1041,500,0.052104208416833664,26,0.47508204539451976,False
1042,500,0.052104208416833664,26,0.4983742887989428,False
1043,500,0.052104208416833664,26,0.48753213987498706,False
1044,500,0.052104208416833664,26,0.4740782025616831,False
1045,500,0.052104208416833664,26,0.4494493666789531,False
1046,500,0.052104208416833664,26,0.4688540332458968,False
1047,500,0.052104208416833664,26,0.48667085574441027,False
1048,500,0.052104208416833664,26,0.456453722082085,False
1049,500,0.052104208416833664,26,0.479994132928856,False
1050,500,0.052104208416833664,26,0.46795886297478184,False
1051,500,0.052104208416833664,26,0.4668015038258704,False
1052,500,0.052104208416833664,26,0.47645101344244345,False
1053,500,0.052104208416833664,26,0.4779577352828536,False
1054,500,0.052104208416833664,26,0.47651791367759344,False
1055,500,0.052104208416833664,26,0.47235885243835085,False
1056,500,0.052104208416833664,26,0.4807466564115514,False
1057,500,0.052104208416833664,26,0.46944361161863657,False
1058,500,0.052104208416833664,26,0.4914049089955368,False
1059,500,0.052104208416833664,26,0.46679231807275084,False
1060,500,0.052104208416833664,26,0.4860518154261637,False
1061,500,0.052104208416833664,26,0.44547010529587405,False
1062,500,0.052104208416833664,26,0.48041991882406837,False
1063,500,0.052104208416833664,26,0.4897555104106907,False
1064,500,0.052104208416833664,26,0.481999646539506,False
1065,500,0.052104208416833664,26,0.48843023140552405,False
1066,500,0.052104208416833664,26,0.48136579177925787,False
1067,500,0.052104208416833664,26,0.48154408297454254,False
1068,500,0.052104208416833664,26,0.4812539184138174,False
1069,500,0.052104208416833664,26,0.46048548524102045,False
1070,500,0.052104208416833664,26,0.4802592407360577,False
1071,500,0.052104208416833664,26,0.46185765428598224,False
1072,500,0.052104208416833664,26,0.4675358729566268,False
1073,500,0.052104208416833664,26,0.47429541167868744,False
1074,500,0.052104208416833664,26,0.47635740702976886,False
1075,500,0.052104208416833664,26,0.47019196061336355,False
1076,500,0.052104208416833664,26,0.4821319537943978,False
1077,500,0.052104208416833664,26,0.4760533873915351,False
1078,500,0.052104208416833664,26,0.4955105532842764,False
1079,500,0.052104208416833664,26,0.46887524196145186,False
1080,500,0.052104208416833664,26,0.48476632803563213,False
1081,500,0.052104208416833664,26,0.4759503848643249,False
1082,500,0.052104208416833664,26,0.48623237403246194,False
1083,500,0.052104208416833664,26,0.4950109686058204,False
1084,500,0.052104208416833664,26,0.4899537676678308,False
1085,500,0.052104208416833664,26,0.4822853441334835,False
1086,500,0.052104208416833664,26,0.4693880532976279,False
1087,500,0.052104208416833664,26,0.4804850648615048,False
1088,500,0.052104208416833664,26,0.4801693235113992,False
1089,500,0.052104208416833664,26,0.48329004818434135,False
1090,500,0.052104208416833664,26,0.48517376318114636,False
1091,500,0.052104208416833664,26,0.46958227504211414,False
1092,500,0.052104208416833664,26,0.45498597446353417,False
1093,500,0.052104208416833664,26,0.4663750349247308,False
1094,500,0.052104208416833664,26,0.48032075952820047,False
1095,500,0.052104208416833664,26,0.48659697131283935,False
1096,500,0.052104208416833664,26,0.481057995477076,False
1097,500,0.052104208416833664,26,0.49791350521297656,False
1098,500,0.052104208416833664,26,0.4777093915891022,False
1099,500,0.052104208416833664,26,0.45845389206821024,False
1100,500,0.052104208416833664,26,0.4834220265334813,True
1101,500,0.052104208416833664,26,0.46603942592170094,True
1102,500,0.052104208416833664,26,0.4683909099764093,True
1103,500,0.052104208416833664,26,0.4680591710953729,True
1104,500,0.052104208416833664,26,0.47109080001346537,True
1105,500,0.052104208416833664,26,0.4617300088749782,True
1106,500,0.052104208416833664,26,0.4894075210078912,True
1107,500,0.052104208416833664,26,0.4676361348723657,True
1108,500,0.052104208416833664,26,0.4774005383576324,True
1109,500,0.052104208416833664,26,0.47706927324599635,True
1110,500,0.052104208416833664,26,0.472326645076473,True
1111,500,0.052104208416833664,26,0.47257866558129363,True
1112,500,0.052104208416833664,26,0.4748948631499633,True
1113,500,0.052104208416833664,26,0.4900413422216976,True
1114,500,0.052104208416833664,26,0.47484741462489977,True
1115,500,0.052104208416833664,26,0.4653157037036613,True
1116,500,0.052104208416833664,26,0.4479426733760702,True
1117,500,0.052104208416833664,26,0.46169278557264787,True
1118,500,0.052104208416833664,26,0.46996351926507113,True
1119,500,0.052104208416833664,26,0.4787214759336403,True
1120,500,0.052104208416833664,26,0.4879867292919078,True
1121,500,0.052104208416833664,26,0.48509288839952786,True
1122,500,0.052104208416833664,26,0.47362737341168315,True
1123,500,0.052104208416833664,26,0.4731345742516178,True
1124,500,0.052104208416833664,26,0.4911418906608447,True
1125,500,0.052104208416833664,26,0.48537778336807297,True
1126,500,0.052104208416833664,26,0.4791688040289112,True
1127,500,0.052104208416833664,26,0.46029530571832067,True
1128,500,0.052104208416833664,26,0.48309251309290124,True
1129,500,0.052104208416833664,26,0.48443035476115764,True
1130,500,0.052104208416833664,26,0.48643596776132864,True
1131,500,0.052104208416833664,26,0.47799313016402994,True
1132,500,0.052104208416833664,26,0.4775564154238816,True
1133,500,0.052104208416833664,26,0.47097747448118404,True
1134,500,0.052104208416833664,26,0.46059768752158814,True
1135,500,0.052104208416833664,26,0.4880408812861167,True
1136,500,0.052104208416833664,26,0.483913343126735,True
1137,500,0.052104208416833664,26,0.44889510077459405,True
1138,500,0.052104208416833664,26,0.49419859026627105,True
1139,500,0.052104208416833664,26,0.4783229842720835,True
1140,500,0.052104208416833664,26,0.46101860376533965,True
1141,500,0.052104208416833664,26,0.47062031743488436,True
1142,500,0.052104208416833664,26,0.46880917886783746,True
1143,500,0.052104208416833664,26,0.46229316494324163,True
1144,500,0.052104208416833664,26,0.47344970328344155,True
1145,500,0.052104208416833664,26,0.4736564096915184,True
1146,500,0.052104208416833664,26,0.46813693026692704,True
1147,500,0.052104208416833664,26,0.4825356628652828,True
1148,500,0.052104208416833664,26,0.4820504216741561,True
1149,500,0.052104208416833664,26,0.4820123568754059,True
1150,500,0.052104208416833664,26,0.4486892834671242,True
1151,500,0.052104208416833664,26,0.44702611867902187,True
1152,500,0.052104208416833664,26,0.48849972932001806,True
1153,500,0.052104208416833664,26,0.46746360305656953,True
1154,500,0.052104208416833664,26,0.4817746858597727,True
1155,500,0.052104208416833664,26,0.45472719601509276,True
1156,500,0.052104208416833664,26,0.4465190909655274,True
1157,500,0.052104208416833664,26,0.45852070639970355,True
1158,500,0.052104208416833664,26,0.4635514860920778,True
1159,500,0.052104208416833664,26,0.5008058056052507,True
1160,500,0.052104208416833664,26,0.4898148485267041,True
1161,500,0.052104208416833664,26,0.46752757154697233,True
1162,500,0.052104208416833664,26,0.4528645704485741,True
1163,500,0.052104208416833664,26,0.477800194416461,True
1164,500,0.052104208416833664,26,0.4726119646032689,True
1165,500,0.052104208416833664,26,0.4793268466314755,True
1166,500,0.052104208416833664,26,0.48073162346088794,True
1167,500,0.052104208416833664,26,0.49724204353335916,True
1168,500,0.052104208416833664,26,0.4825718037726139,True
1169,500,0.052104208416833664,26,0.4653371097752599,True
1170,500,0.052104208416833664,26,0.4797810522937229,True
1171,500,0.052104208416833664,26,0.48587112954028616,True
1172,500,0.052104208416833664,26,0.46668309146988324,True
1173,500,0.052104208416833664,26,0.49846470842373947,True
1174,500,0.052104208416833664,26,0.468608569210118,True
1175,500,0.052104208416833664,26,0.47629762979305423,True
1176,500,0.052104208416833664,26,0.45560484174073407,True
1177,500,0.052104208416833664,26,0.49452856205463713,True
1178,500,0.052104208416833664,26,0.4830048015150609,True
1179,500,0.052104208416833664,26,0.45441633765305484,True
1180,500,0.052104208416833664,26,0.49578164636605,True
1181,500,0.052104208416833664,26,0.4215358121635761,True
1182,500,0.052104208416833664,26,0.4578260330316657,True
1183,500,0.052104208416833664,26,0.46033676887259717,True
1184,500,0.052104208416833664,26,0.46814203090908196,True
1185,500,0.052104208416833664,26,0.4782942644500581,True
1186,500,0.052104208416833664,26,0.4757978404365107,True
1187,500,0.052104208416833664,26,0.4655420877690566,True
1188,500,0.052104208416833664,26,0.4722451812009629,True
1189,500,0.052104208416833664,26,0.47995917671630933,True
1190,500,0.052104208416833664,26,0.48246846716425396,True
1191,500,0.052104208416833664,26,0.4717080442222161,True
1192,500,0.052104208416833664,26,0.488239608386147,True
1193,500,0.052104208416833664,26,0.4688464754495889,True
1194,500,0.052104208416833664,26,0.4966138175936389,True
1195,500,0.052104208416833664,26,0.47829306677318,True
1196,500,0.052104208416833664,26,0.4810833852410393,True
1197,500,0.052104208416833664,26,0.48686419994714086,True
1198,500,0.052104208416833664,26,0.46700134886477584,True
1199,500,0.052104208416833664,26,0.4828220610691934,True
